Using pre-set license
Built from '2022.3/staging' branch; Version is '2022.3.10f1 (ff3792e53c62) revision 16725906'; Using compiler version '192829333'; Build Type 'Release'
OS: 'Windows 10  (10.0.19045) 64bit Professional' Language: 'ru' Physical Memory: 16163 MB
BatchMode: 1, IsHumanControllingUs: 0, StartBugReporterOnCrash: 0, Is64bit: 1, IsPro: 1

COMMAND LINE ARGUMENTS:
C:\Program Files\Unity\Hub\Editor\2022.3.10f1\Editor\Unity.exe
-adb2
-batchMode
-noUpm
-name
AssetImportWorker0
-projectPath
D:/unity/courseProjects/complcourse/complCourse
-logFile
Logs/AssetImportWorker0.log
-srvPort
64810
Successfully changed project path to: D:/unity/courseProjects/complcourse/complCourse
D:/unity/courseProjects/complcourse/complCourse
[UnityMemory] Configuration Parameters - Can be set up in boot.config
    "memorysetup-bucket-allocator-granularity=16"
    "memorysetup-bucket-allocator-bucket-count=8"
    "memorysetup-bucket-allocator-block-size=33554432"
    "memorysetup-bucket-allocator-block-count=8"
    "memorysetup-main-allocator-block-size=16777216"
    "memorysetup-thread-allocator-block-size=16777216"
    "memorysetup-gfx-main-allocator-block-size=16777216"
    "memorysetup-gfx-thread-allocator-block-size=16777216"
    "memorysetup-cache-allocator-block-size=4194304"
    "memorysetup-typetree-allocator-block-size=2097152"
    "memorysetup-profiler-bucket-allocator-granularity=16"
    "memorysetup-profiler-bucket-allocator-bucket-count=8"
    "memorysetup-profiler-bucket-allocator-block-size=33554432"
    "memorysetup-profiler-bucket-allocator-block-count=8"
    "memorysetup-profiler-allocator-block-size=16777216"
    "memorysetup-profiler-editor-allocator-block-size=1048576"
    "memorysetup-temp-allocator-size-main=16777216"
    "memorysetup-job-temp-allocator-block-size=2097152"
    "memorysetup-job-temp-allocator-block-size-background=1048576"
    "memorysetup-job-temp-allocator-reduction-small-platforms=262144"
    "memorysetup-allocator-temp-initial-block-size-main=262144"
    "memorysetup-allocator-temp-initial-block-size-worker=262144"
    "memorysetup-temp-allocator-size-background-worker=32768"
    "memorysetup-temp-allocator-size-job-worker=262144"
    "memorysetup-temp-allocator-size-preload-manager=33554432"
    "memorysetup-temp-allocator-size-nav-mesh-worker=65536"
    "memorysetup-temp-allocator-size-audio-worker=65536"
    "memorysetup-temp-allocator-size-cloud-worker=32768"
    "memorysetup-temp-allocator-size-gi-baking-worker=262144"
    "memorysetup-temp-allocator-size-gfx=262144"
Player connection [12308] Host "[IP] 172.27.208.1 [Port] 0 [Flags] 2 [Guid] 1267502390 [EditorId] 1267502390 [Version] 1048832 [Id] WindowsEditor(7,DESKTOP-8THGS4J) [Debug] 1 [PackageName] WindowsEditor [ProjectName] Editor" joined multi-casting on [225.0.0.222:54997]...

Player connection [12308] Host "[IP] 172.27.208.1 [Port] 0 [Flags] 2 [Guid] 1267502390 [EditorId] 1267502390 [Version] 1048832 [Id] WindowsEditor(7,DESKTOP-8THGS4J) [Debug] 1 [PackageName] WindowsEditor [ProjectName] Editor" joined alternative multi-casting on [225.0.0.222:34997]...

[Physics::Module] Initialized MultithreadedJobDispatcher with 3 workers.
Refreshing native plugins compatible for Editor in 13.75 ms, found 3 plugins.
Preloading 0 native plugins for Editor in 0.00 ms.
Initialize engine version: 2022.3.10f1 (ff3792e53c62)
[Subsystems] Discovering subsystems at path C:/Program Files/Unity/Hub/Editor/2022.3.10f1/Editor/Data/Resources/UnitySubsystems
[Subsystems] Discovering subsystems at path D:/unity/courseProjects/complcourse/complCourse/Assets
GfxDevice: creating device client; threaded=0; jobified=0
Direct3D:
    Version:  Direct3D 11.0 [level 11.1]
    Renderer: Intel(R) UHD Graphics (ID=0x9a78)
    Vendor:   Intel
    VRAM:     8081 MB
    Driver:   27.20.100.8439
Initialize mono
Mono path[0] = 'C:/Program Files/Unity/Hub/Editor/2022.3.10f1/Editor/Data/Managed'
Mono path[1] = 'C:/Program Files/Unity/Hub/Editor/2022.3.10f1/Editor/Data/MonoBleedingEdge/lib/mono/unityjit-win32'
Mono config path = 'C:/Program Files/Unity/Hub/Editor/2022.3.10f1/Editor/Data/MonoBleedingEdge/etc'
Using monoOptions --debugger-agent=transport=dt_socket,embedding=1,server=y,suspend=n,address=127.0.0.1:56784
Begin MonoManager ReloadAssembly
Registering precompiled unity dll's ...
Register platform support module: C:/Program Files/Unity/Hub/Editor/2022.3.10f1/Editor/Data/PlaybackEngines/WebGLSupport/UnityEditor.WebGL.Extensions.dll
Register platform support module: C:/Program Files/Unity/Hub/Editor/2022.3.10f1/Editor/Data/PlaybackEngines/AndroidPlayer/UnityEditor.Android.Extensions.dll
Register platform support module: C:/Program Files/Unity/Hub/Editor/2022.3.10f1/Editor/Data/PlaybackEngines/iOSSupport/UnityEditor.iOS.Extensions.dll
Register platform support module: C:/Program Files/Unity/Hub/Editor/2022.3.10f1/Editor/Data/PlaybackEngines/WindowsStandaloneSupport/UnityEditor.WindowsStandalone.Extensions.dll
Register platform support module: C:/Program Files/Unity/Hub/Editor/2022.3.10f1/Editor/Data/PlaybackEngines/MetroSupport/UnityEditor.UWP.Extensions.dll
Registered in 0.021031 seconds.
- Loaded All Assemblies, in  0.801 seconds
Native extension for UWP target not found
Native extension for WindowsStandalone target not found
[usbmuxd] Start listen thread
[usbmuxd] Listen thread started
Native extension for iOS target not found
Native extension for Android target not found
Android Extension - Scanning For ADB Devices 320 ms
Native extension for WebGL target not found
Mono: successfully reloaded assembly
- Finished resetting the current domain, in  0.782 seconds
Domain Reload Profiling: 1582ms
	BeginReloadAssembly (241ms)
		ExecutionOrderSort (0ms)
		DisableScriptedObjects (0ms)
		BackupInstance (0ms)
		ReleaseScriptingObjects (0ms)
		CreateAndSetChildDomain (2ms)
	RebuildCommonClasses (222ms)
	RebuildNativeTypeToScriptingClass (17ms)
	initialDomainReloadingComplete (94ms)
	LoadAllAssembliesAndSetupDomain (225ms)
		LoadAssemblies (238ms)
		RebuildTransferFunctionScriptingTraits (0ms)
		AnalyzeDomain (222ms)
			TypeCache.Refresh (220ms)
				TypeCache.ScanAssembly (204ms)
			ScanForSourceGeneratedMonoScriptInfo (1ms)
			ResolveRequiredComponents (1ms)
	FinalizeReload (783ms)
		ReleaseScriptCaches (0ms)
		RebuildScriptCaches (0ms)
		SetupLoadedEditorAssemblies (700ms)
			LogAssemblyErrors (0ms)
			InitializePlatformSupportModulesInManaged (501ms)
			SetLoadedEditorAssemblies (7ms)
			RefreshPlugins (0ms)
			BeforeProcessingInitializeOnLoad (2ms)
			ProcessInitializeOnLoadAttributes (129ms)
			ProcessInitializeOnLoadMethodAttributes (60ms)
			AfterProcessingInitializeOnLoad (0ms)
			EditorAssembliesLoaded (0ms)
		ExecutionOrderSort2 (0ms)
		AwakeInstancesAfterBackupRestoration (0ms)
========================================================================
Worker process is ready to serve import requests
Begin MonoManager ReloadAssembly
- Loaded All Assemblies, in  0.768 seconds
Refreshing native plugins compatible for Editor in 2.23 ms, found 3 plugins.
Native extension for UWP target not found
Native extension for WindowsStandalone target not found
Native extension for iOS target not found
Native extension for Android target not found
Native extension for WebGL target not found
Package Manager log level set to [2]
[Package Manager] Server::EnsureServerProcessIsRunning -- launch failed, reason: Unity was launched with the -noUpm command-line argument
[Package Manager] UpmClient::Send -- Unable to send message (not connected to UPM process).
[Package Manager] Cannot connect to Unity Package Manager local server
Mono: successfully reloaded assembly
- Finished resetting the current domain, in  0.728 seconds
Domain Reload Profiling: 1494ms
	BeginReloadAssembly (182ms)
		ExecutionOrderSort (0ms)
		DisableScriptedObjects (6ms)
		BackupInstance (0ms)
		ReleaseScriptingObjects (0ms)
		CreateAndSetChildDomain (24ms)
	RebuildCommonClasses (43ms)
	RebuildNativeTypeToScriptingClass (14ms)
	initialDomainReloadingComplete (50ms)
	LoadAllAssembliesAndSetupDomain (476ms)
		LoadAssemblies (354ms)
		RebuildTransferFunctionScriptingTraits (0ms)
		AnalyzeDomain (232ms)
			TypeCache.Refresh (207ms)
				TypeCache.ScanAssembly (186ms)
			ScanForSourceGeneratedMonoScriptInfo (18ms)
			ResolveRequiredComponents (4ms)
	FinalizeReload (729ms)
		ReleaseScriptCaches (0ms)
		RebuildScriptCaches (0ms)
		SetupLoadedEditorAssemblies (524ms)
			LogAssemblyErrors (0ms)
			InitializePlatformSupportModulesInManaged (47ms)
			SetLoadedEditorAssemblies (6ms)
			RefreshPlugins (0ms)
			BeforeProcessingInitializeOnLoad (87ms)
			ProcessInitializeOnLoadAttributes (351ms)
			ProcessInitializeOnLoadMethodAttributes (24ms)
			AfterProcessingInitializeOnLoad (10ms)
			EditorAssembliesLoaded (0ms)
		ExecutionOrderSort2 (0ms)
		AwakeInstancesAfterBackupRestoration (9ms)
Launched and connected shader compiler UnityShaderCompiler.exe after 0.05 seconds
Refreshing native plugins compatible for Editor in 2.28 ms, found 3 plugins.
Preloading 0 native plugins for Editor in 0.00 ms.
Unloading 3082 Unused Serialized files (Serialized files now loaded: 0)
Unloading 31 unused Assets / (56.9 KB). Loaded Objects now: 3555.
Memory consumption went from 120.6 MB to 120.6 MB.
Total: 3.920400 ms (FindLiveObjects: 0.228000 ms CreateObjectMapping: 0.095900 ms MarkObjects: 3.474600 ms  DeleteObjects: 0.120700 ms)

AssetImportParameters requested are different than current active one (requested -> active):
  custom:scripting/monoscript/fileName/Pistol.cs: 66289aa18d62a6128d9802144d35e825 -> 
  custom:scripting/monoscript/fileName/LootBullets.cs: 61befb4d2ce282d51d744ca094f266b3 -> 
  custom:container-demuxer-ogg: 62fdf1f143b41e24485cea50d1cbac27 -> 
  custom:scripting/monoscript/fileName/SpriteEditorWindow.cs: 1629bd700639d5abf7ee9c1a15128fda -> 
  custom:scripting/monoscript/fileName/SpriteRect.cs: 8da6d12a5fbd75a0eba31cfa62842428 -> 
  custom:scripting/monoscript/fileName/PlayerArmory.cs: 72b8be74aa198932918672e5b2d1c3ea -> 
  custom:scripting/monoscript/fileName/Menu.cs: 6a6b6f10406332b78ded19ddc96541c7 -> 
  custom:scripting/monoscript/fileName/GameManager.cs: 9933fbcc6190e2a9171c2ec8808a053e -> 
  custom:scripting/monoscript/fileName/SoundManager.cs: 97b8b7f19e31a376baf624982cbfe12a -> 
  custom:scripting/monoscript/fileName/ISpriteEditorModule.cs: f35f8b8d39dcfd448fbbe9ea48566c2f -> 
  custom:scripting/monoscript/fileName/Hen.cs: 0717be46ddae3255e9a66e010e912baa -> 
  custom:scripting/monoscript/fileName/TakeDamageOnTrigger.cs: c431a7ee411ec1687e977f029f04fc14 -> 
  custom:scripting/monoscript/fileName/PrefabCreator.cs: 456abbe3eb45d979e3eb9a2c51803681 -> 
  custom:video-decoder-ogg-theora: a1e56fd34408186e4bbccfd4996cb3dc -> 
  custom:scripting/monoscript/fileName/MenuItems.cs: 3ea3522373e3b4d2ef39113c39531efd -> 
  custom:scripting/monoscript/fileName/Pointer.cs: d7f1f9138c5a08fb2eb7d9961697bfe7 -> 
  custom:scripting/monoscript/fileName/DefaultSpriteNameFileIdDataProvider.cs: cd965ed390b21ec0302c3211a9f903ff -> 
  custom:framework-win-MediaFoundation: 216162199b28c13a410421893ffa2e32 -> 
  custom:scripting/monoscript/fileName/ShapeEditor.cs: 7eba0c642af179a392c34e527393b30b -> 
  custom:scripting/monoscript/fileName/BatchPrefabCreator.cs: 3a5a0e4c54d125c34c7cf7bf204fff66 -> 
  custom:scripting/monoscript/fileName/Gun.cs: 7d05faef1ad0b187da47b70860e6ba9a -> 
  custom:scripting/monoscript/fileName/EnemyHealth.cs: a4d027726692f4f1a1dc379aafbb87e2 -> 
  custom:scripting/monoscript/fileName/SpritePolygonModeModule.cs: 8b4aa126b968b0772b9e20476364e690 -> 
  custom:scripting/monoscript/fileName/ItemCreationUtility.cs: d1c4ddba747ed633116f555c0d69ace7 -> 
  custom:scripting/monoscript/fileName/RotateToTargetEuler.cs: 3c25a53a8109c759f80f1da73db6dd52 -> 
  custom:scripting/monoscript/fileName/TakeDamageOnCollision.cs: acc97693ea9e5ea837a7218b4afb93b0 -> 
  custom:scripting/monoscript/fileName/ActivateByDistance.cs: 734949179646c69c8b32c1848b06046d -> 
  custom:CustomObjectIndexerAttribute: 756ad292c208cfabdd7b50bc23989ffe -> 
  custom:scripting/monoscript/fileName/SetTriggerEveryNSeconds.cs: 12c24bf03fc307e59d34ac40c9aa159f -> 
  custom:scripting/monoscript/fileName/RayGizmo.cs: 224f479f6ddf0dbe6c4f51b910d39946 -> 
  custom:scripting/monoscript/fileName/SpriteEditorHandles.cs: 8b78502b9b56b3c556563a6e935b52ad -> 
  custom:scripting/monoscript/fileName/ChargeIcon.cs: 283102bca38cd0be80d00643b3127366 -> 
  custom:container-demuxer-webm: 4f35f7cbe854078d1ac9338744f61a02 -> 
  custom:scripting/monoscript/fileName/Walker.cs: 7d5611d0bf86c6a16ba258d07f8dbaec -> 
  custom:scripting/monoscript/fileName/EventsArray.cs: c533851b67810d6e0c5d80968905121c -> 
  custom:scripting/monoscript/fileName/MakeDamageOnTrigger.cs: d6341046a6cf053218da763953401c19 -> 
  custom:scripting/monoscript/fileName/SpriteNameFileIdPair.cs: 8dab74045e538d5698ea3c4caed3e48c -> 
  custom:scripting/monoscript/fileName/IGL.cs: 8903f8a1304142ec1aefe33b7a4db28c -> 
  custom:scripting/monoscript/fileName/JumpGun.cs: 43d1f7baff6fd5cbb745cc84f9369f18 -> 
  custom:scripting/monoscript/fileName/SpritePhysicsShapeModule.cs: 35688b9e178698712b557d50761dc7c2 -> 
  custom:scripting/monoscript/fileName/ITexture.cs: dbb4c87e1c028ce779185d5d3d566460 -> 
  custom:scripting/monoscript/fileName/Carrot.cs: e4acc89e4f0644f074ecee6904082512 -> 
  custom:scripting/monoscript/fileName/TimeManager.cs: ee896401883365d64d0753163ba65eb8 -> 
  custom:container-muxer-webm: aa71ff27fc2769a1b78a27578f13a17b -> 
  custom:scripting/monoscript/fileName/IEvent.cs: c25d501578d8ebe48d7b30415b0df4c5 -> 
  custom:video-decoder-webm-vp8: 9c59270c3fd7afecdb556c50c9e8de78 -> 
  custom:scripting/monoscript/fileName/SpriteOutlineModule.cs: 249fecf584323de7d2fd0b14e9a4944c -> 
  custom:scripting/monoscript/fileName/Blink.cs: b9fd39b54b16a9ec65c57f4056a88cf9 -> 
  custom:SearchIndexIgnoredProperties: e643bd26f0fe6173181afceb89e7c659 -> 
  custom:scripting/monoscript/fileName/Automat.cs: e4b38d3060dd058ca0d02f4d08ab9afe -> 
  custom:AudioImporter_EditorPlatform: d09bf68614088b80899f8185d706f6e7 -> 
  custom:scripting/monoscript/fileName/SpriteEditorUtility.cs: 7e2d1f2cb427fd67c5461f9431375c3a -> 
  custom:scripting/monoscript/fileName/SpriteSecondaryTexturesModule.cs: 8f361de5bdfd731e220c415240ad033f -> 
  custom:scripting/monoscript/fileName/Activator.cs: 9fab02d4a385fb5fbcec9e678f4ac55d -> 
  custom:scripting/monoscript/fileName/PlayerHealth.cs: 49f415306e52895faa0b0a35d62e54a1 -> 
  custom:scripting/monoscript/fileName/IGUIUtility.cs: cad79017f17454feb4e1799b1c42f87c -> 
  custom:scripting/monoscript/fileName/IHandles.cs: d2780a18a3844e49d490d68d5cb3d26a -> 
  custom:scripting/monoscript/fileName/RotateToPlayer.cs: 9d2403b98c14fc4c180fdb01b53bbded -> 
  custom:scripting/monoscript/fileName/TextureImporterDataProvider.cs: d68f5d5325387f4e38fdcf2610c72ce3 -> 
  custom:scripting/monoscript/fileName/Head.cs: a23c654dc8f9bb9d5d2cf983200d10c7 -> 
  custom:scripting/monoscript/fileName/SpriteEditorMenu.cs: f9042f312a91c162ede0d5de48225240 -> 
  custom:scripting/monoscript/fileName/Follow.cs: 04d7b2a4d28d75b3f1c1084a58bf5a59 -> 
  custom:scripting/monoscript/fileName/ISpriteEditorDataProvider.cs: 4c01add71bf03a3e1afff21bbd534ee9 -> 
  custom:scripting/monoscript/fileName/IUndoSystem.cs: 841a069a843e48d57d362ca08bca21d4 -> 
  custom:scripting/monoscript/fileName/SpritePolygonModeModuleView.cs: db8ddbee5a89c636987047f4602001ef -> 
  custom:scripting/monoscript/fileName/SpriteEditorData.cs: 79e0d970ecf11ef3020398e38672548f -> 
  custom:scripting/monoscript/fileName/ButtonAnimation.cs: 9ce2e6d788c20b190ba1416234fc8783 -> 
  custom:video-encoder-webm-vp8: eb34c28f22e8b96e1ab97ce403110664 -> 
  custom:audio-decoder-ogg-vorbis: bf7c407c2cedff20999df2af8eb42d56 -> 
  custom:scripting/monoscript/fileName/SpriteEditorWindowSettings.cs: 8e59c26ada2085b3ebaa83fd01af70e3 -> 
  custom:scripting/monoscript/fileName/SpriteFrameModuleBaseView.cs: 72abaa53c3c1184e23d4d9a45f62d8c2 -> 
  custom:scripting/monoscript/fileName/Bullet.cs: a4f5918e799041ba1f6608f13912eb8b -> 
  custom:scripting/monoscript/fileName/IAssetDatabase.cs: c40b958675a6cd5b519fa6ca497fede4 -> 
  custom:scripting/monoscript/fileName/SpriteFrameModule.cs: f07011b3ec3622062bef733dc29fedf0 -> 
  custom:scripting/monoscript/fileName/ShapeEditorRectSelection.cs: 1696d724b33ef6168949bbdce78d19c6 -> 
  custom:scripting/monoscript/fileName/MakeDamageOnCollision.cs: c891a89eb5a65e98845e1237a768e523 -> 
  custom:scripting/monoscript/fileName/TextureImporterDataProviderImplementation.cs: ffb9fda6ca225aa106e9fa84455f4e60 -> 
  custom:scripting/monoscript/fileName/LootHeal.cs: d242dead9ab382370dfbc718a5fa7782 -> 
  custom:scripting/monoscript/fileName/Acorn.cs: 6d31e9898c93ab5da12ae36ad800cd04 -> 
  custom:scripting/monoscript/fileName/HealthUI.cs: e5730cd433ba33635704a2f91c7245cc -> 
  custom:scripting/monoscript/fileName/Rocket.cs: c89f140985a71d5c067121f5cdce5fde -> 
  custom:audio-encoder-webm-vorbis: bf7c407c2cedff20999df2af8eb42d56 -> 
  custom:scripting/monoscript/fileName/Rotate.cs: 0640615e68ae415c8adb0535396b225d -> 
  custom:scripting/monoscript/fileName/SpriteUtilityWindow.cs: 4827aafd0c4d893166845eac1266c4ed -> 
  custom:scripting/monoscript/fileName/SpriteFrameModuleBase.cs: 82472910b376b3c28a6f5b31b28f5f51 -> 
  custom:scripting/monoscript/fileName/PlayerMove.cs: e1b5b1ca7ac5e05a4b47501120527237 -> 
  custom:scripting/monoscript/fileName/SelfDestruct.cs: c475b0b8d708de80fa1ed2a6b376ae19 -> 
  custom:scripting/monoscript/fileName/DamageScreen.cs: 5426b96a61dff56d771c8d081622e42f -> 
  custom:scripting/monoscript/fileName/SpriteFrameModuleView.cs: f07011b3ec3622062bef733dc29fedf0 -> 
========================================================================
Received Import Request.
  Time since last request: 6706079.410927 seconds.
  path: Assets/Scenes/SampleScene 1.unity
  artifactKey: Guid(a6f943b52265f3b4a8915c1c3a31a726) Importer(815301076,1909f56bfc062723c751e8b465ee728b)
Start importing Assets/Scenes/SampleScene 1.unity using Guid(a6f943b52265f3b4a8915c1c3a31a726) Importer(815301076,1909f56bfc062723c751e8b465ee728b)  -> (artifact id: '1b5cc694db5098a94d4323f22d25a72f') in 0.003726 seconds
Number of updated asset objects reloaded before import = 0
Number of asset objects unloaded after import = 0
========================================================================
Received Import Request.
  Time since last request: 16.377726 seconds.
  path: Assets/Scenes/BoatMovement1
  artifactKey: Guid(7c4b39d8eaaa6bb4ea2abb632aabf39b) Importer(815301076,1909f56bfc062723c751e8b465ee728b)
Start importing Assets/Scenes/BoatMovement1 using Guid(7c4b39d8eaaa6bb4ea2abb632aabf39b) Importer(815301076,1909f56bfc062723c751e8b465ee728b)  -> (artifact id: 'c460241e3f496c6f98de639e9487cbc0') in 0.000612 seconds
Number of updated asset objects reloaded before import = 0
Number of asset objects unloaded after import = 0
========================================================================
Received Import Request.
  Time since last request: 14.749496 seconds.
  path: Assets/Scenes/BoatMovement1.unity
  artifactKey: Guid(a6f943b52265f3b4a8915c1c3a31a726) Importer(815301076,1909f56bfc062723c751e8b465ee728b)
Start importing Assets/Scenes/BoatMovement1.unity using Guid(a6f943b52265f3b4a8915c1c3a31a726) Importer(815301076,1909f56bfc062723c751e8b465ee728b)  -> (artifact id: 'd60e001dcb0147f379f4934a4fec96a6') in 0.000965 seconds
Number of updated asset objects reloaded before import = 0
Number of asset objects unloaded after import = 0
========================================================================
Received Import Request.
  Time since last request: 13.369357 seconds.
  path: Assets/Scripts
  artifactKey: Guid(5e4d5579cbbc6c148b2639af33bba86c) Importer(815301076,1909f56bfc062723c751e8b465ee728b)
Start importing Assets/Scripts using Guid(5e4d5579cbbc6c148b2639af33bba86c) Importer(815301076,1909f56bfc062723c751e8b465ee728b)  -> (artifact id: '4dc23864acdcd734ef5b4e98cc4779d0') in 0.000572 seconds
Number of updated asset objects reloaded before import = 0
Number of asset objects unloaded after import = 0
========================================================================
Received Import Request.
  Time since last request: 7.123025 seconds.
  path: Assets/Assets
  artifactKey: Guid(24572aaa7c4ef12428ade97b895ff61f) Importer(815301076,1909f56bfc062723c751e8b465ee728b)
Start importing Assets/Assets using Guid(24572aaa7c4ef12428ade97b895ff61f) Importer(815301076,1909f56bfc062723c751e8b465ee728b)  -> (artifact id: '94b5e6edd0f17077c5b2f888243ca99b') in 0.000583 seconds
Number of updated asset objects reloaded before import = 0
Number of asset objects unloaded after import = 0
========================================================================
Received Import Request.
  Time since last request: 13.118081 seconds.
  path: Assets/Assets/Scripts/BoatMovement1
  artifactKey: Guid(f2bd12993e4c9b94194095f9b0f17001) Importer(815301076,1909f56bfc062723c751e8b465ee728b)
Start importing Assets/Assets/Scripts/BoatMovement1 using Guid(f2bd12993e4c9b94194095f9b0f17001) Importer(815301076,1909f56bfc062723c751e8b465ee728b)  -> (artifact id: 'f53be4dd6f63589b93f5353bc6974191') in 0.000947 seconds
Number of updated asset objects reloaded before import = 0
Number of asset objects unloaded after import = 0
========================================================================
Received Import Request.
  Time since last request: 52.376632 seconds.
  path: Assets/Assets/Art
  artifactKey: Guid(d2e889fe8ce5bff44aff8cbfd607f232) Importer(815301076,1909f56bfc062723c751e8b465ee728b)
Start importing Assets/Assets/Art using Guid(d2e889fe8ce5bff44aff8cbfd607f232) Importer(815301076,1909f56bfc062723c751e8b465ee728b)  -> (artifact id: '7a980a31e0c40cb7b6f30e1a9b05ed42') in 0.001174 seconds
Number of updated asset objects reloaded before import = 0
Number of asset objects unloaded after import = 0
========================================================================
Received Import Request.
  Time since last request: 20.842463 seconds.
  path: Assets/Assets/Art/Models
  artifactKey: Guid(9460efbb613e969409c9ba6ef0333823) Importer(815301076,1909f56bfc062723c751e8b465ee728b)
Start importing Assets/Assets/Art/Models using Guid(9460efbb613e969409c9ba6ef0333823) Importer(815301076,1909f56bfc062723c751e8b465ee728b)  -> (artifact id: 'dfde486f75cb94403981b3b6cadea013') in 0.000928 seconds
Number of updated asset objects reloaded before import = 0
Number of asset objects unloaded after import = 0
========================================================================
Received Import Request.
  Time since last request: 19.183465 seconds.
  path: Assets/Assets/Art/Materials
  artifactKey: Guid(f9f055e8ac24b1d42ba8c08fb5a3475e) Importer(815301076,1909f56bfc062723c751e8b465ee728b)
Start importing Assets/Assets/Art/Materials using Guid(f9f055e8ac24b1d42ba8c08fb5a3475e) Importer(815301076,1909f56bfc062723c751e8b465ee728b)  -> (artifact id: '3dd6ee2149411211bca111d9a6279845') in 0.000924 seconds
Number of updated asset objects reloaded before import = 0
Number of asset objects unloaded after import = 0
========================================================================
Received Import Request.
  Time since last request: 11.021118 seconds.
  path: Assets/Assets/Art/Materials/Water.mat
  artifactKey: Guid(e08caf76a4e206743824c2ab38329a6b) Importer(815301076,1909f56bfc062723c751e8b465ee728b)
Start importing Assets/Assets/Art/Materials/Water.mat using Guid(e08caf76a4e206743824c2ab38329a6b) Importer(815301076,1909f56bfc062723c751e8b465ee728b)  -> (artifact id: 'd2e1cd9c103a73a66caac602ea797120') in 0.164307 seconds
Number of updated asset objects reloaded before import = 0
Number of asset objects unloaded after import = 1
========================================================================
Received Import Request.
  Time since last request: 88.903003 seconds.
  path: Assets/Assets/Art/Materials/Water.mat
  artifactKey: Guid(e08caf76a4e206743824c2ab38329a6b) Importer(815301076,1909f56bfc062723c751e8b465ee728b)
Start importing Assets/Assets/Art/Materials/Water.mat using Guid(e08caf76a4e206743824c2ab38329a6b) Importer(815301076,1909f56bfc062723c751e8b465ee728b)  -> (artifact id: '2c41a14262b7a3c5e8d4b8f47c3696e4') in 0.012283 seconds
Number of updated asset objects reloaded before import = 0
Number of asset objects unloaded after import = 1
========================================================================
Received Import Request.
  Time since last request: 16.343909 seconds.
  path: Assets/Assets/Art/Materials/Water 1.mat
  artifactKey: Guid(ff33cb1954b6cb343b7341c2956349b6) Importer(815301076,1909f56bfc062723c751e8b465ee728b)
Start importing Assets/Assets/Art/Materials/Water 1.mat using Guid(ff33cb1954b6cb343b7341c2956349b6) Importer(815301076,1909f56bfc062723c751e8b465ee728b)  -> (artifact id: 'f9c6dc26d15fcf78d627f95013244b0a') in 0.011286 seconds
Number of updated asset objects reloaded before import = 0
Number of asset objects unloaded after import = 1
========================================================================
Received Import Request.
  Time since last request: 4.085796 seconds.
  path: Assets/Assets/Art/Materials/Cube.mat
  artifactKey: Guid(ff33cb1954b6cb343b7341c2956349b6) Importer(815301076,1909f56bfc062723c751e8b465ee728b)
Start importing Assets/Assets/Art/Materials/Cube.mat using Guid(ff33cb1954b6cb343b7341c2956349b6) Importer(815301076,1909f56bfc062723c751e8b465ee728b)  -> (artifact id: '552e4f106e61c04ebda14e1384bce0d3') in 0.013266 seconds
Number of updated asset objects reloaded before import = 0
Number of asset objects unloaded after import = 1
========================================================================
Received Import Request.
  Time since last request: 19.409101 seconds.
  path: Assets/Assets/Art/Materials/Cube.mat
  artifactKey: Guid(ff33cb1954b6cb343b7341c2956349b6) Importer(815301076,1909f56bfc062723c751e8b465ee728b)
Start importing Assets/Assets/Art/Materials/Cube.mat using Guid(ff33cb1954b6cb343b7341c2956349b6) Importer(815301076,1909f56bfc062723c751e8b465ee728b)  -> (artifact id: 'eba3eafcf298f9b60d7d4f43e0500eaa') in 0.025999 seconds
Number of updated asset objects reloaded before import = 0
Number of asset objects unloaded after import = 1
========================================================================
Received Import Request.
  Time since last request: 40.094445 seconds.
  path: Assets/Assets/Scripts/BoatMovement1/Floater.cs
  artifactKey: Guid(95251a7f86305814ca1aad49dffd56fe) Importer(815301076,1909f56bfc062723c751e8b465ee728b)
Start importing Assets/Assets/Scripts/BoatMovement1/Floater.cs using Guid(95251a7f86305814ca1aad49dffd56fe) Importer(815301076,1909f56bfc062723c751e8b465ee728b)  -> (artifact id: '269184422b4c735e1d25c83da49e1dfb') in 0.002299 seconds
Number of updated asset objects reloaded before import = 0
Number of asset objects unloaded after import = 0
========================================================================
Received Prepare
Begin MonoManager ReloadAssembly
- Loaded All Assemblies, in  0.639 seconds
Refreshing native plugins compatible for Editor in 3.23 ms, found 3 plugins.
Native extension for UWP target not found
Native extension for WindowsStandalone target not found
Native extension for iOS target not found
Native extension for Android target not found
Native extension for WebGL target not found
[Package Manager] Server::EnsureServerProcessIsRunning -- launch failed, reason: Unity was launched with the -noUpm command-line argument
[Package Manager] UpmClient::Send -- Unable to send message (not connected to UPM process).
[Package Manager] Cannot connect to Unity Package Manager local server
Mono: successfully reloaded assembly
- Finished resetting the current domain, in  1.134 seconds
Domain Reload Profiling: 1771ms
	BeginReloadAssembly (202ms)
		ExecutionOrderSort (0ms)
		DisableScriptedObjects (8ms)
		BackupInstance (0ms)
		ReleaseScriptingObjects (0ms)
		CreateAndSetChildDomain (43ms)
	RebuildCommonClasses (62ms)
	RebuildNativeTypeToScriptingClass (22ms)
	initialDomainReloadingComplete (39ms)
	LoadAllAssembliesAndSetupDomain (311ms)
		LoadAssemblies (393ms)
		RebuildTransferFunctionScriptingTraits (0ms)
		AnalyzeDomain (28ms)
			TypeCache.Refresh (11ms)
				TypeCache.ScanAssembly (0ms)
			ScanForSourceGeneratedMonoScriptInfo (10ms)
			ResolveRequiredComponents (5ms)
	FinalizeReload (1135ms)
		ReleaseScriptCaches (0ms)
		RebuildScriptCaches (0ms)
		SetupLoadedEditorAssemblies (505ms)
			LogAssemblyErrors (0ms)
			InitializePlatformSupportModulesInManaged (48ms)
			SetLoadedEditorAssemblies (6ms)
			RefreshPlugins (0ms)
			BeforeProcessingInitializeOnLoad (83ms)
			ProcessInitializeOnLoadAttributes (335ms)
			ProcessInitializeOnLoadMethodAttributes (25ms)
			AfterProcessingInitializeOnLoad (9ms)
			EditorAssembliesLoaded (0ms)
		ExecutionOrderSort2 (0ms)
		AwakeInstancesAfterBackupRestoration (9ms)
Refreshing native plugins compatible for Editor in 2.29 ms, found 3 plugins.
Preloading 0 native plugins for Editor in 0.00 ms.
Unloading 3074 Unused Serialized files (Serialized files now loaded: 0)
Unloading 22 unused Assets / (30.5 KB). Loaded Objects now: 3599.
Memory consumption went from 119.0 MB to 119.0 MB.
Total: 2.935900 ms (FindLiveObjects: 0.228200 ms CreateObjectMapping: 0.109600 ms MarkObjects: 2.546600 ms  DeleteObjects: 0.050500 ms)

Prepare: number of updated asset objects reloaded= 0
AssetImportParameters requested are different than current active one (requested -> active):
  custom:scripting/monoscript/fileName/Pistol.cs: 66289aa18d62a6128d9802144d35e825 -> 
  custom:scripting/monoscript/fileName/LootBullets.cs: 61befb4d2ce282d51d744ca094f266b3 -> 
  custom:container-demuxer-ogg: 62fdf1f143b41e24485cea50d1cbac27 -> 
  custom:scripting/monoscript/fileName/SpriteEditorWindow.cs: 1629bd700639d5abf7ee9c1a15128fda -> 
  custom:scripting/monoscript/fileName/SpriteRect.cs: 8da6d12a5fbd75a0eba31cfa62842428 -> 
  custom:scripting/monoscript/fileName/PlayerArmory.cs: 72b8be74aa198932918672e5b2d1c3ea -> 
  custom:scripting/monoscript/fileName/Menu.cs: 6a6b6f10406332b78ded19ddc96541c7 -> 
  custom:scripting/monoscript/fileName/GameManager.cs: 9933fbcc6190e2a9171c2ec8808a053e -> 
  custom:scripting/monoscript/fileName/SoundManager.cs: 97b8b7f19e31a376baf624982cbfe12a -> 
  custom:scripting/monoscript/fileName/ISpriteEditorModule.cs: f35f8b8d39dcfd448fbbe9ea48566c2f -> 
  custom:scripting/monoscript/fileName/Hen.cs: 0717be46ddae3255e9a66e010e912baa -> 
  custom:scripting/monoscript/fileName/TakeDamageOnTrigger.cs: c431a7ee411ec1687e977f029f04fc14 -> 
  custom:scripting/monoscript/fileName/PrefabCreator.cs: 456abbe3eb45d979e3eb9a2c51803681 -> 
  custom:video-decoder-ogg-theora: a1e56fd34408186e4bbccfd4996cb3dc -> 
  custom:scripting/monoscript/fileName/MenuItems.cs: 3ea3522373e3b4d2ef39113c39531efd -> 
  custom:scripting/monoscript/fileName/Pointer.cs: d7f1f9138c5a08fb2eb7d9961697bfe7 -> 
  custom:scripting/monoscript/fileName/DefaultSpriteNameFileIdDataProvider.cs: cd965ed390b21ec0302c3211a9f903ff -> 
  custom:framework-win-MediaFoundation: 216162199b28c13a410421893ffa2e32 -> 
  custom:scripting/monoscript/fileName/ShapeEditor.cs: 7eba0c642af179a392c34e527393b30b -> 
  custom:scripting/monoscript/fileName/BatchPrefabCreator.cs: 3a5a0e4c54d125c34c7cf7bf204fff66 -> 
  custom:scripting/monoscript/fileName/Gun.cs: 7d05faef1ad0b187da47b70860e6ba9a -> 
  custom:scripting/monoscript/fileName/EnemyHealth.cs: a4d027726692f4f1a1dc379aafbb87e2 -> 
  custom:scripting/monoscript/fileName/SpritePolygonModeModule.cs: 8b4aa126b968b0772b9e20476364e690 -> 
  custom:scripting/monoscript/fileName/ItemCreationUtility.cs: d1c4ddba747ed633116f555c0d69ace7 -> 
  custom:scripting/monoscript/fileName/RotateToTargetEuler.cs: 3c25a53a8109c759f80f1da73db6dd52 -> 
  custom:scripting/monoscript/fileName/TakeDamageOnCollision.cs: acc97693ea9e5ea837a7218b4afb93b0 -> 
  custom:scripting/monoscript/fileName/ActivateByDistance.cs: 734949179646c69c8b32c1848b06046d -> 
  custom:CustomObjectIndexerAttribute: 756ad292c208cfabdd7b50bc23989ffe -> 
  custom:scripting/monoscript/fileName/SetTriggerEveryNSeconds.cs: 12c24bf03fc307e59d34ac40c9aa159f -> 
  custom:scripting/monoscript/fileName/RayGizmo.cs: 224f479f6ddf0dbe6c4f51b910d39946 -> 
  custom:scripting/monoscript/fileName/SpriteEditorHandles.cs: 8b78502b9b56b3c556563a6e935b52ad -> 
  custom:scripting/monoscript/fileName/ChargeIcon.cs: 283102bca38cd0be80d00643b3127366 -> 
  custom:container-demuxer-webm: 4f35f7cbe854078d1ac9338744f61a02 -> 
  custom:scripting/monoscript/fileName/Walker.cs: 7d5611d0bf86c6a16ba258d07f8dbaec -> 
  custom:scripting/monoscript/fileName/EventsArray.cs: c533851b67810d6e0c5d80968905121c -> 
  custom:scripting/monoscript/fileName/MakeDamageOnTrigger.cs: d6341046a6cf053218da763953401c19 -> 
  custom:scripting/monoscript/fileName/SpriteNameFileIdPair.cs: 8dab74045e538d5698ea3c4caed3e48c -> 
  custom:scripting/monoscript/fileName/IGL.cs: 8903f8a1304142ec1aefe33b7a4db28c -> 
  custom:scripting/monoscript/fileName/JumpGun.cs: 43d1f7baff6fd5cbb745cc84f9369f18 -> 
  custom:scripting/monoscript/fileName/SpritePhysicsShapeModule.cs: 35688b9e178698712b557d50761dc7c2 -> 
  custom:scripting/monoscript/fileName/ITexture.cs: dbb4c87e1c028ce779185d5d3d566460 -> 
  custom:scripting/monoscript/fileName/Carrot.cs: e4acc89e4f0644f074ecee6904082512 -> 
  custom:scripting/monoscript/fileName/TimeManager.cs: ee896401883365d64d0753163ba65eb8 -> 
  custom:container-muxer-webm: aa71ff27fc2769a1b78a27578f13a17b -> 
  custom:scripting/monoscript/fileName/IEvent.cs: c25d501578d8ebe48d7b30415b0df4c5 -> 
  custom:video-decoder-webm-vp8: 9c59270c3fd7afecdb556c50c9e8de78 -> 
  custom:scripting/monoscript/fileName/SpriteOutlineModule.cs: 249fecf584323de7d2fd0b14e9a4944c -> 
  custom:scripting/monoscript/fileName/Blink.cs: b9fd39b54b16a9ec65c57f4056a88cf9 -> 
  custom:SearchIndexIgnoredProperties: e643bd26f0fe6173181afceb89e7c659 -> 
  custom:scripting/monoscript/fileName/Automat.cs: e4b38d3060dd058ca0d02f4d08ab9afe -> 
  custom:AudioImporter_EditorPlatform: d09bf68614088b80899f8185d706f6e7 -> 
  custom:scripting/monoscript/fileName/SpriteEditorUtility.cs: 7e2d1f2cb427fd67c5461f9431375c3a -> 
  custom:scripting/monoscript/fileName/SpriteSecondaryTexturesModule.cs: 8f361de5bdfd731e220c415240ad033f -> 
  custom:scripting/monoscript/fileName/Activator.cs: 9fab02d4a385fb5fbcec9e678f4ac55d -> 
  custom:scripting/monoscript/fileName/PlayerHealth.cs: 49f415306e52895faa0b0a35d62e54a1 -> 
  custom:scripting/monoscript/fileName/IGUIUtility.cs: cad79017f17454feb4e1799b1c42f87c -> 
  custom:scripting/monoscript/fileName/IHandles.cs: d2780a18a3844e49d490d68d5cb3d26a -> 
  custom:scripting/monoscript/fileName/RotateToPlayer.cs: 9d2403b98c14fc4c180fdb01b53bbded -> 
  custom:scripting/monoscript/fileName/TextureImporterDataProvider.cs: d68f5d5325387f4e38fdcf2610c72ce3 -> 
  custom:scripting/monoscript/fileName/Head.cs: a23c654dc8f9bb9d5d2cf983200d10c7 -> 
  custom:scripting/monoscript/fileName/SpriteEditorMenu.cs: f9042f312a91c162ede0d5de48225240 -> 
  custom:scripting/monoscript/fileName/Follow.cs: 04d7b2a4d28d75b3f1c1084a58bf5a59 -> 
  custom:scripting/monoscript/fileName/ISpriteEditorDataProvider.cs: 4c01add71bf03a3e1afff21bbd534ee9 -> 
  custom:scripting/monoscript/fileName/IUndoSystem.cs: 841a069a843e48d57d362ca08bca21d4 -> 
  custom:scripting/monoscript/fileName/SpritePolygonModeModuleView.cs: db8ddbee5a89c636987047f4602001ef -> 
  custom:scripting/monoscript/fileName/SpriteEditorData.cs: 79e0d970ecf11ef3020398e38672548f -> 
  custom:scripting/monoscript/fileName/ButtonAnimation.cs: 9ce2e6d788c20b190ba1416234fc8783 -> 
  custom:video-encoder-webm-vp8: eb34c28f22e8b96e1ab97ce403110664 -> 
  custom:audio-decoder-ogg-vorbis: bf7c407c2cedff20999df2af8eb42d56 -> 
  custom:scripting/monoscript/fileName/SpriteEditorWindowSettings.cs: 8e59c26ada2085b3ebaa83fd01af70e3 -> 
  custom:scripting/monoscript/fileName/SpriteFrameModuleBaseView.cs: 72abaa53c3c1184e23d4d9a45f62d8c2 -> 
  custom:scripting/monoscript/fileName/Bullet.cs: a4f5918e799041ba1f6608f13912eb8b -> 
  custom:scripting/monoscript/fileName/IAssetDatabase.cs: c40b958675a6cd5b519fa6ca497fede4 -> 
  custom:scripting/monoscript/fileName/SpriteFrameModule.cs: f07011b3ec3622062bef733dc29fedf0 -> 
  custom:scripting/monoscript/fileName/ShapeEditorRectSelection.cs: 1696d724b33ef6168949bbdce78d19c6 -> 
  custom:scripting/monoscript/fileName/MakeDamageOnCollision.cs: c891a89eb5a65e98845e1237a768e523 -> 
  custom:scripting/monoscript/fileName/TextureImporterDataProviderImplementation.cs: ffb9fda6ca225aa106e9fa84455f4e60 -> 
  custom:scripting/monoscript/fileName/LootHeal.cs: d242dead9ab382370dfbc718a5fa7782 -> 
  custom:scripting/monoscript/fileName/Acorn.cs: 6d31e9898c93ab5da12ae36ad800cd04 -> 
  custom:scripting/monoscript/fileName/HealthUI.cs: e5730cd433ba33635704a2f91c7245cc -> 
  custom:scripting/monoscript/fileName/Rocket.cs: c89f140985a71d5c067121f5cdce5fde -> 
  custom:audio-encoder-webm-vorbis: bf7c407c2cedff20999df2af8eb42d56 -> 
  custom:scripting/monoscript/fileName/Rotate.cs: 0640615e68ae415c8adb0535396b225d -> 
  custom:scripting/monoscript/fileName/SpriteUtilityWindow.cs: 4827aafd0c4d893166845eac1266c4ed -> 
  custom:scripting/monoscript/fileName/SpriteFrameModuleBase.cs: 82472910b376b3c28a6f5b31b28f5f51 -> 
  custom:scripting/monoscript/fileName/PlayerMove.cs: e1b5b1ca7ac5e05a4b47501120527237 -> 
  custom:scripting/monoscript/fileName/SelfDestruct.cs: c475b0b8d708de80fa1ed2a6b376ae19 -> 
  custom:scripting/monoscript/fileName/DamageScreen.cs: 5426b96a61dff56d771c8d081622e42f -> 
  custom:scripting/monoscript/fileName/SpriteFrameModuleView.cs: f07011b3ec3622062bef733dc29fedf0 -> 
========================================================================
Received Import Request.
  Time since last request: 32.524023 seconds.
  path: Assets/Assets/Scripts/BoatMovement1/Floater.cs
  artifactKey: Guid(95251a7f86305814ca1aad49dffd56fe) Importer(815301076,1909f56bfc062723c751e8b465ee728b)
Start importing Assets/Assets/Scripts/BoatMovement1/Floater.cs using Guid(95251a7f86305814ca1aad49dffd56fe) Importer(815301076,1909f56bfc062723c751e8b465ee728b)  -> (artifact id: '16b15fe6496f1a6ab8d159a530b73870') in 0.006360 seconds
Number of updated asset objects reloaded before import = 0
Number of asset objects unloaded after import = 0
========================================================================
Received Prepare
Begin MonoManager ReloadAssembly
- Loaded All Assemblies, in  0.764 seconds
Refreshing native plugins compatible for Editor in 3.84 ms, found 3 plugins.
Native extension for UWP target not found
Native extension for WindowsStandalone target not found
Native extension for iOS target not found
Native extension for Android target not found
Native extension for WebGL target not found
[Package Manager] Server::EnsureServerProcessIsRunning -- launch failed, reason: Unity was launched with the -noUpm command-line argument
[Package Manager] UpmClient::Send -- Unable to send message (not connected to UPM process).
[Package Manager] Cannot connect to Unity Package Manager local server
Mono: successfully reloaded assembly
- Finished resetting the current domain, in  1.574 seconds
Domain Reload Profiling: 2334ms
	BeginReloadAssembly (304ms)
		ExecutionOrderSort (0ms)
		DisableScriptedObjects (15ms)
		BackupInstance (0ms)
		ReleaseScriptingObjects (0ms)
		CreateAndSetChildDomain (82ms)
	RebuildCommonClasses (58ms)
	RebuildNativeTypeToScriptingClass (17ms)
	initialDomainReloadingComplete (39ms)
	LoadAllAssembliesAndSetupDomain (342ms)
		LoadAssemblies (453ms)
		RebuildTransferFunctionScriptingTraits (0ms)
		AnalyzeDomain (43ms)
			TypeCache.Refresh (15ms)
				TypeCache.ScanAssembly (0ms)
			ScanForSourceGeneratedMonoScriptInfo (16ms)
			ResolveRequiredComponents (9ms)
	FinalizeReload (1574ms)
		ReleaseScriptCaches (0ms)
		RebuildScriptCaches (0ms)
		SetupLoadedEditorAssemblies (775ms)
			LogAssemblyErrors (0ms)
			InitializePlatformSupportModulesInManaged (72ms)
			SetLoadedEditorAssemblies (8ms)
			RefreshPlugins (0ms)
			BeforeProcessingInitializeOnLoad (108ms)
			ProcessInitializeOnLoadAttributes (546ms)
			ProcessInitializeOnLoadMethodAttributes (29ms)
			AfterProcessingInitializeOnLoad (11ms)
			EditorAssembliesLoaded (0ms)
		ExecutionOrderSort2 (0ms)
		AwakeInstancesAfterBackupRestoration (11ms)
Refreshing native plugins compatible for Editor in 2.72 ms, found 3 plugins.
Preloading 0 native plugins for Editor in 0.00 ms.
Unloading 3074 Unused Serialized files (Serialized files now loaded: 0)
Unloading 22 unused Assets / (30.5 KB). Loaded Objects now: 3602.
Memory consumption went from 119.0 MB to 119.0 MB.
Total: 3.153000 ms (FindLiveObjects: 0.228600 ms CreateObjectMapping: 0.137000 ms MarkObjects: 2.735700 ms  DeleteObjects: 0.050700 ms)

Prepare: number of updated asset objects reloaded= 0
AssetImportParameters requested are different than current active one (requested -> active):
  custom:scripting/monoscript/fileName/Pistol.cs: 66289aa18d62a6128d9802144d35e825 -> 
  custom:scripting/monoscript/fileName/LootBullets.cs: 61befb4d2ce282d51d744ca094f266b3 -> 
  custom:container-demuxer-ogg: 62fdf1f143b41e24485cea50d1cbac27 -> 
  custom:scripting/monoscript/fileName/SpriteEditorWindow.cs: 1629bd700639d5abf7ee9c1a15128fda -> 
  custom:scripting/monoscript/fileName/SpriteRect.cs: 8da6d12a5fbd75a0eba31cfa62842428 -> 
  custom:scripting/monoscript/fileName/PlayerArmory.cs: 72b8be74aa198932918672e5b2d1c3ea -> 
  custom:scripting/monoscript/fileName/Menu.cs: 6a6b6f10406332b78ded19ddc96541c7 -> 
  custom:scripting/monoscript/fileName/GameManager.cs: 9933fbcc6190e2a9171c2ec8808a053e -> 
  custom:scripting/monoscript/fileName/SoundManager.cs: 97b8b7f19e31a376baf624982cbfe12a -> 
  custom:scripting/monoscript/fileName/ISpriteEditorModule.cs: f35f8b8d39dcfd448fbbe9ea48566c2f -> 
  custom:scripting/monoscript/fileName/Hen.cs: 0717be46ddae3255e9a66e010e912baa -> 
  custom:scripting/monoscript/fileName/TakeDamageOnTrigger.cs: c431a7ee411ec1687e977f029f04fc14 -> 
  custom:scripting/monoscript/fileName/PrefabCreator.cs: 456abbe3eb45d979e3eb9a2c51803681 -> 
  custom:video-decoder-ogg-theora: a1e56fd34408186e4bbccfd4996cb3dc -> 
  custom:scripting/monoscript/fileName/MenuItems.cs: 3ea3522373e3b4d2ef39113c39531efd -> 
  custom:scripting/monoscript/fileName/Pointer.cs: d7f1f9138c5a08fb2eb7d9961697bfe7 -> 
  custom:scripting/monoscript/fileName/DefaultSpriteNameFileIdDataProvider.cs: cd965ed390b21ec0302c3211a9f903ff -> 
  custom:framework-win-MediaFoundation: 216162199b28c13a410421893ffa2e32 -> 
  custom:scripting/monoscript/fileName/ShapeEditor.cs: 7eba0c642af179a392c34e527393b30b -> 
  custom:scripting/monoscript/fileName/BatchPrefabCreator.cs: 3a5a0e4c54d125c34c7cf7bf204fff66 -> 
  custom:scripting/monoscript/fileName/Gun.cs: 7d05faef1ad0b187da47b70860e6ba9a -> 
  custom:scripting/monoscript/fileName/EnemyHealth.cs: a4d027726692f4f1a1dc379aafbb87e2 -> 
  custom:scripting/monoscript/fileName/SpritePolygonModeModule.cs: 8b4aa126b968b0772b9e20476364e690 -> 
  custom:scripting/monoscript/fileName/ItemCreationUtility.cs: d1c4ddba747ed633116f555c0d69ace7 -> 
  custom:scripting/monoscript/fileName/RotateToTargetEuler.cs: 3c25a53a8109c759f80f1da73db6dd52 -> 
  custom:scripting/monoscript/fileName/TakeDamageOnCollision.cs: acc97693ea9e5ea837a7218b4afb93b0 -> 
  custom:scripting/monoscript/fileName/ActivateByDistance.cs: 734949179646c69c8b32c1848b06046d -> 
  custom:CustomObjectIndexerAttribute: 756ad292c208cfabdd7b50bc23989ffe -> 
  custom:scripting/monoscript/fileName/SetTriggerEveryNSeconds.cs: 12c24bf03fc307e59d34ac40c9aa159f -> 
  custom:scripting/monoscript/fileName/RayGizmo.cs: 224f479f6ddf0dbe6c4f51b910d39946 -> 
  custom:scripting/monoscript/fileName/SpriteEditorHandles.cs: 8b78502b9b56b3c556563a6e935b52ad -> 
  custom:scripting/monoscript/fileName/ChargeIcon.cs: 283102bca38cd0be80d00643b3127366 -> 
  custom:container-demuxer-webm: 4f35f7cbe854078d1ac9338744f61a02 -> 
  custom:scripting/monoscript/fileName/Walker.cs: 7d5611d0bf86c6a16ba258d07f8dbaec -> 
  custom:scripting/monoscript/fileName/EventsArray.cs: c533851b67810d6e0c5d80968905121c -> 
  custom:scripting/monoscript/fileName/MakeDamageOnTrigger.cs: d6341046a6cf053218da763953401c19 -> 
  custom:scripting/monoscript/fileName/SpriteNameFileIdPair.cs: 8dab74045e538d5698ea3c4caed3e48c -> 
  custom:scripting/monoscript/fileName/IGL.cs: 8903f8a1304142ec1aefe33b7a4db28c -> 
  custom:scripting/monoscript/fileName/JumpGun.cs: 43d1f7baff6fd5cbb745cc84f9369f18 -> 
  custom:scripting/monoscript/fileName/SpritePhysicsShapeModule.cs: 35688b9e178698712b557d50761dc7c2 -> 
  custom:scripting/monoscript/fileName/ITexture.cs: dbb4c87e1c028ce779185d5d3d566460 -> 
  custom:scripting/monoscript/fileName/Carrot.cs: e4acc89e4f0644f074ecee6904082512 -> 
  custom:scripting/monoscript/fileName/TimeManager.cs: ee896401883365d64d0753163ba65eb8 -> 
  custom:container-muxer-webm: aa71ff27fc2769a1b78a27578f13a17b -> 
  custom:scripting/monoscript/fileName/IEvent.cs: c25d501578d8ebe48d7b30415b0df4c5 -> 
  custom:video-decoder-webm-vp8: 9c59270c3fd7afecdb556c50c9e8de78 -> 
  custom:scripting/monoscript/fileName/SpriteOutlineModule.cs: 249fecf584323de7d2fd0b14e9a4944c -> 
  custom:scripting/monoscript/fileName/Blink.cs: b9fd39b54b16a9ec65c57f4056a88cf9 -> 
  custom:SearchIndexIgnoredProperties: e643bd26f0fe6173181afceb89e7c659 -> 
  custom:scripting/monoscript/fileName/Automat.cs: e4b38d3060dd058ca0d02f4d08ab9afe -> 
  custom:AudioImporter_EditorPlatform: d09bf68614088b80899f8185d706f6e7 -> 
  custom:scripting/monoscript/fileName/SpriteEditorUtility.cs: 7e2d1f2cb427fd67c5461f9431375c3a -> 
  custom:scripting/monoscript/fileName/SpriteSecondaryTexturesModule.cs: 8f361de5bdfd731e220c415240ad033f -> 
  custom:scripting/monoscript/fileName/Activator.cs: 9fab02d4a385fb5fbcec9e678f4ac55d -> 
  custom:scripting/monoscript/fileName/PlayerHealth.cs: 49f415306e52895faa0b0a35d62e54a1 -> 
  custom:scripting/monoscript/fileName/IGUIUtility.cs: cad79017f17454feb4e1799b1c42f87c -> 
  custom:scripting/monoscript/fileName/IHandles.cs: d2780a18a3844e49d490d68d5cb3d26a -> 
  custom:scripting/monoscript/fileName/RotateToPlayer.cs: 9d2403b98c14fc4c180fdb01b53bbded -> 
  custom:scripting/monoscript/fileName/TextureImporterDataProvider.cs: d68f5d5325387f4e38fdcf2610c72ce3 -> 
  custom:scripting/monoscript/fileName/Head.cs: a23c654dc8f9bb9d5d2cf983200d10c7 -> 
  custom:scripting/monoscript/fileName/SpriteEditorMenu.cs: f9042f312a91c162ede0d5de48225240 -> 
  custom:scripting/monoscript/fileName/Follow.cs: 04d7b2a4d28d75b3f1c1084a58bf5a59 -> 
  custom:scripting/monoscript/fileName/ISpriteEditorDataProvider.cs: 4c01add71bf03a3e1afff21bbd534ee9 -> 
  custom:scripting/monoscript/fileName/IUndoSystem.cs: 841a069a843e48d57d362ca08bca21d4 -> 
  custom:scripting/monoscript/fileName/SpritePolygonModeModuleView.cs: db8ddbee5a89c636987047f4602001ef -> 
  custom:scripting/monoscript/fileName/SpriteEditorData.cs: 79e0d970ecf11ef3020398e38672548f -> 
  custom:scripting/monoscript/fileName/ButtonAnimation.cs: 9ce2e6d788c20b190ba1416234fc8783 -> 
  custom:video-encoder-webm-vp8: eb34c28f22e8b96e1ab97ce403110664 -> 
  custom:audio-decoder-ogg-vorbis: bf7c407c2cedff20999df2af8eb42d56 -> 
  custom:scripting/monoscript/fileName/SpriteEditorWindowSettings.cs: 8e59c26ada2085b3ebaa83fd01af70e3 -> 
  custom:scripting/monoscript/fileName/SpriteFrameModuleBaseView.cs: 72abaa53c3c1184e23d4d9a45f62d8c2 -> 
  custom:scripting/monoscript/fileName/Bullet.cs: a4f5918e799041ba1f6608f13912eb8b -> 
  custom:scripting/monoscript/fileName/IAssetDatabase.cs: c40b958675a6cd5b519fa6ca497fede4 -> 
  custom:scripting/monoscript/fileName/SpriteFrameModule.cs: f07011b3ec3622062bef733dc29fedf0 -> 
  custom:scripting/monoscript/fileName/ShapeEditorRectSelection.cs: 1696d724b33ef6168949bbdce78d19c6 -> 
  custom:scripting/monoscript/fileName/MakeDamageOnCollision.cs: c891a89eb5a65e98845e1237a768e523 -> 
  custom:scripting/monoscript/fileName/TextureImporterDataProviderImplementation.cs: ffb9fda6ca225aa106e9fa84455f4e60 -> 
  custom:scripting/monoscript/fileName/LootHeal.cs: d242dead9ab382370dfbc718a5fa7782 -> 
  custom:scripting/monoscript/fileName/Acorn.cs: 6d31e9898c93ab5da12ae36ad800cd04 -> 
  custom:scripting/monoscript/fileName/HealthUI.cs: e5730cd433ba33635704a2f91c7245cc -> 
  custom:scripting/monoscript/fileName/Rocket.cs: c89f140985a71d5c067121f5cdce5fde -> 
  custom:audio-encoder-webm-vorbis: bf7c407c2cedff20999df2af8eb42d56 -> 
  custom:scripting/monoscript/fileName/Rotate.cs: 0640615e68ae415c8adb0535396b225d -> 
  custom:scripting/monoscript/fileName/SpriteUtilityWindow.cs: 4827aafd0c4d893166845eac1266c4ed -> 
  custom:scripting/monoscript/fileName/SpriteFrameModuleBase.cs: 82472910b376b3c28a6f5b31b28f5f51 -> 
  custom:scripting/monoscript/fileName/PlayerMove.cs: e1b5b1ca7ac5e05a4b47501120527237 -> 
  custom:scripting/monoscript/fileName/SelfDestruct.cs: c475b0b8d708de80fa1ed2a6b376ae19 -> 
  custom:scripting/monoscript/fileName/DamageScreen.cs: 5426b96a61dff56d771c8d081622e42f -> 
  custom:scripting/monoscript/fileName/SpriteFrameModuleView.cs: f07011b3ec3622062bef733dc29fedf0 -> 
========================================================================
Received Prepare
Begin MonoManager ReloadAssembly
- Loaded All Assemblies, in  0.690 seconds
Refreshing native plugins compatible for Editor in 3.10 ms, found 3 plugins.
Native extension for UWP target not found
Native extension for WindowsStandalone target not found
Native extension for iOS target not found
Native extension for Android target not found
Native extension for WebGL target not found
[Package Manager] Server::EnsureServerProcessIsRunning -- launch failed, reason: Unity was launched with the -noUpm command-line argument
[Package Manager] UpmClient::Send -- Unable to send message (not connected to UPM process).
[Package Manager] Cannot connect to Unity Package Manager local server
Mono: successfully reloaded assembly
- Finished resetting the current domain, in  1.097 seconds
Domain Reload Profiling: 1783ms
	BeginReloadAssembly (233ms)
		ExecutionOrderSort (0ms)
		DisableScriptedObjects (7ms)
		BackupInstance (0ms)
		ReleaseScriptingObjects (0ms)
		CreateAndSetChildDomain (47ms)
	RebuildCommonClasses (68ms)
	RebuildNativeTypeToScriptingClass (25ms)
	initialDomainReloadingComplete (46ms)
	LoadAllAssembliesAndSetupDomain (313ms)
		LoadAssemblies (426ms)
		RebuildTransferFunctionScriptingTraits (0ms)
		AnalyzeDomain (28ms)
			TypeCache.Refresh (11ms)
				TypeCache.ScanAssembly (0ms)
			ScanForSourceGeneratedMonoScriptInfo (8ms)
			ResolveRequiredComponents (6ms)
	FinalizeReload (1098ms)
		ReleaseScriptCaches (0ms)
		RebuildScriptCaches (0ms)
		SetupLoadedEditorAssemblies (477ms)
			LogAssemblyErrors (0ms)
			InitializePlatformSupportModulesInManaged (55ms)
			SetLoadedEditorAssemblies (6ms)
			RefreshPlugins (0ms)
			BeforeProcessingInitializeOnLoad (79ms)
			ProcessInitializeOnLoadAttributes (303ms)
			ProcessInitializeOnLoadMethodAttributes (24ms)
			AfterProcessingInitializeOnLoad (9ms)
			EditorAssembliesLoaded (0ms)
		ExecutionOrderSort2 (0ms)
		AwakeInstancesAfterBackupRestoration (9ms)
Refreshing native plugins compatible for Editor in 2.24 ms, found 3 plugins.
Preloading 0 native plugins for Editor in 0.00 ms.
Unloading 3075 Unused Serialized files (Serialized files now loaded: 0)
Unloading 22 unused Assets / (30.6 KB). Loaded Objects now: 3605.
Memory consumption went from 119.3 MB to 119.3 MB.
Total: 3.393600 ms (FindLiveObjects: 0.230800 ms CreateObjectMapping: 0.113200 ms MarkObjects: 2.991600 ms  DeleteObjects: 0.056500 ms)

Prepare: number of updated asset objects reloaded= 0
AssetImportParameters requested are different than current active one (requested -> active):
  custom:scripting/monoscript/fileName/Pistol.cs: 66289aa18d62a6128d9802144d35e825 -> 
  custom:scripting/monoscript/fileName/LootBullets.cs: 61befb4d2ce282d51d744ca094f266b3 -> 
  custom:container-demuxer-ogg: 62fdf1f143b41e24485cea50d1cbac27 -> 
  custom:scripting/monoscript/fileName/SpriteEditorWindow.cs: 1629bd700639d5abf7ee9c1a15128fda -> 
  custom:scripting/monoscript/fileName/SpriteRect.cs: 8da6d12a5fbd75a0eba31cfa62842428 -> 
  custom:scripting/monoscript/fileName/PlayerArmory.cs: 72b8be74aa198932918672e5b2d1c3ea -> 
  custom:scripting/monoscript/fileName/Menu.cs: 6a6b6f10406332b78ded19ddc96541c7 -> 
  custom:scripting/monoscript/fileName/GameManager.cs: 9933fbcc6190e2a9171c2ec8808a053e -> 
  custom:scripting/monoscript/fileName/SoundManager.cs: 97b8b7f19e31a376baf624982cbfe12a -> 
  custom:scripting/monoscript/fileName/ISpriteEditorModule.cs: f35f8b8d39dcfd448fbbe9ea48566c2f -> 
  custom:scripting/monoscript/fileName/Hen.cs: 0717be46ddae3255e9a66e010e912baa -> 
  custom:scripting/monoscript/fileName/TakeDamageOnTrigger.cs: c431a7ee411ec1687e977f029f04fc14 -> 
  custom:scripting/monoscript/fileName/PrefabCreator.cs: 456abbe3eb45d979e3eb9a2c51803681 -> 
  custom:video-decoder-ogg-theora: a1e56fd34408186e4bbccfd4996cb3dc -> 
  custom:scripting/monoscript/fileName/MenuItems.cs: 3ea3522373e3b4d2ef39113c39531efd -> 
  custom:scripting/monoscript/fileName/Pointer.cs: d7f1f9138c5a08fb2eb7d9961697bfe7 -> 
  custom:scripting/monoscript/fileName/DefaultSpriteNameFileIdDataProvider.cs: cd965ed390b21ec0302c3211a9f903ff -> 
  custom:framework-win-MediaFoundation: 216162199b28c13a410421893ffa2e32 -> 
  custom:scripting/monoscript/fileName/ShapeEditor.cs: 7eba0c642af179a392c34e527393b30b -> 
  custom:scripting/monoscript/fileName/BatchPrefabCreator.cs: 3a5a0e4c54d125c34c7cf7bf204fff66 -> 
  custom:scripting/monoscript/fileName/Gun.cs: 7d05faef1ad0b187da47b70860e6ba9a -> 
  custom:scripting/monoscript/fileName/EnemyHealth.cs: a4d027726692f4f1a1dc379aafbb87e2 -> 
  custom:scripting/monoscript/fileName/SpritePolygonModeModule.cs: 8b4aa126b968b0772b9e20476364e690 -> 
  custom:scripting/monoscript/fileName/ItemCreationUtility.cs: d1c4ddba747ed633116f555c0d69ace7 -> 
  custom:scripting/monoscript/fileName/RotateToTargetEuler.cs: 3c25a53a8109c759f80f1da73db6dd52 -> 
  custom:scripting/monoscript/fileName/TakeDamageOnCollision.cs: acc97693ea9e5ea837a7218b4afb93b0 -> 
  custom:scripting/monoscript/fileName/ActivateByDistance.cs: 734949179646c69c8b32c1848b06046d -> 
  custom:CustomObjectIndexerAttribute: 756ad292c208cfabdd7b50bc23989ffe -> 
  custom:scripting/monoscript/fileName/SetTriggerEveryNSeconds.cs: 12c24bf03fc307e59d34ac40c9aa159f -> 
  custom:scripting/monoscript/fileName/RayGizmo.cs: 224f479f6ddf0dbe6c4f51b910d39946 -> 
  custom:scripting/monoscript/fileName/SpriteEditorHandles.cs: 8b78502b9b56b3c556563a6e935b52ad -> 
  custom:scripting/monoscript/fileName/ChargeIcon.cs: 283102bca38cd0be80d00643b3127366 -> 
  custom:container-demuxer-webm: 4f35f7cbe854078d1ac9338744f61a02 -> 
  custom:scripting/monoscript/fileName/Walker.cs: 7d5611d0bf86c6a16ba258d07f8dbaec -> 
  custom:scripting/monoscript/fileName/EventsArray.cs: c533851b67810d6e0c5d80968905121c -> 
  custom:scripting/monoscript/fileName/MakeDamageOnTrigger.cs: d6341046a6cf053218da763953401c19 -> 
  custom:scripting/monoscript/fileName/SpriteNameFileIdPair.cs: 8dab74045e538d5698ea3c4caed3e48c -> 
  custom:scripting/monoscript/fileName/IGL.cs: 8903f8a1304142ec1aefe33b7a4db28c -> 
  custom:scripting/monoscript/fileName/JumpGun.cs: 43d1f7baff6fd5cbb745cc84f9369f18 -> 
  custom:scripting/monoscript/fileName/SpritePhysicsShapeModule.cs: 35688b9e178698712b557d50761dc7c2 -> 
  custom:scripting/monoscript/fileName/ITexture.cs: dbb4c87e1c028ce779185d5d3d566460 -> 
  custom:scripting/monoscript/fileName/Carrot.cs: e4acc89e4f0644f074ecee6904082512 -> 
  custom:scripting/monoscript/fileName/TimeManager.cs: ee896401883365d64d0753163ba65eb8 -> 
  custom:container-muxer-webm: aa71ff27fc2769a1b78a27578f13a17b -> 
  custom:scripting/monoscript/fileName/IEvent.cs: c25d501578d8ebe48d7b30415b0df4c5 -> 
  custom:video-decoder-webm-vp8: 9c59270c3fd7afecdb556c50c9e8de78 -> 
  custom:scripting/monoscript/fileName/SpriteOutlineModule.cs: 249fecf584323de7d2fd0b14e9a4944c -> 
  custom:scripting/monoscript/fileName/Blink.cs: b9fd39b54b16a9ec65c57f4056a88cf9 -> 
  custom:SearchIndexIgnoredProperties: e643bd26f0fe6173181afceb89e7c659 -> 
  custom:scripting/monoscript/fileName/Automat.cs: e4b38d3060dd058ca0d02f4d08ab9afe -> 
  custom:AudioImporter_EditorPlatform: d09bf68614088b80899f8185d706f6e7 -> 
  custom:scripting/monoscript/fileName/SpriteEditorUtility.cs: 7e2d1f2cb427fd67c5461f9431375c3a -> 
  custom:scripting/monoscript/fileName/SpriteSecondaryTexturesModule.cs: 8f361de5bdfd731e220c415240ad033f -> 
  custom:scripting/monoscript/fileName/Activator.cs: 9fab02d4a385fb5fbcec9e678f4ac55d -> 
  custom:scripting/monoscript/fileName/PlayerHealth.cs: 49f415306e52895faa0b0a35d62e54a1 -> 
  custom:scripting/monoscript/fileName/IGUIUtility.cs: cad79017f17454feb4e1799b1c42f87c -> 
  custom:scripting/monoscript/fileName/IHandles.cs: d2780a18a3844e49d490d68d5cb3d26a -> 
  custom:scripting/monoscript/fileName/RotateToPlayer.cs: 9d2403b98c14fc4c180fdb01b53bbded -> 
  custom:scripting/monoscript/fileName/TextureImporterDataProvider.cs: d68f5d5325387f4e38fdcf2610c72ce3 -> 
  custom:scripting/monoscript/fileName/Head.cs: a23c654dc8f9bb9d5d2cf983200d10c7 -> 
  custom:scripting/monoscript/fileName/SpriteEditorMenu.cs: f9042f312a91c162ede0d5de48225240 -> 
  custom:scripting/monoscript/fileName/Follow.cs: 04d7b2a4d28d75b3f1c1084a58bf5a59 -> 
  custom:scripting/monoscript/fileName/ISpriteEditorDataProvider.cs: 4c01add71bf03a3e1afff21bbd534ee9 -> 
  custom:scripting/monoscript/fileName/IUndoSystem.cs: 841a069a843e48d57d362ca08bca21d4 -> 
  custom:scripting/monoscript/fileName/SpritePolygonModeModuleView.cs: db8ddbee5a89c636987047f4602001ef -> 
  custom:scripting/monoscript/fileName/SpriteEditorData.cs: 79e0d970ecf11ef3020398e38672548f -> 
  custom:scripting/monoscript/fileName/ButtonAnimation.cs: 9ce2e6d788c20b190ba1416234fc8783 -> 
  custom:video-encoder-webm-vp8: eb34c28f22e8b96e1ab97ce403110664 -> 
  custom:audio-decoder-ogg-vorbis: bf7c407c2cedff20999df2af8eb42d56 -> 
  custom:scripting/monoscript/fileName/SpriteEditorWindowSettings.cs: 8e59c26ada2085b3ebaa83fd01af70e3 -> 
  custom:scripting/monoscript/fileName/SpriteFrameModuleBaseView.cs: 72abaa53c3c1184e23d4d9a45f62d8c2 -> 
  custom:scripting/monoscript/fileName/Bullet.cs: a4f5918e799041ba1f6608f13912eb8b -> 
  custom:scripting/monoscript/fileName/IAssetDatabase.cs: c40b958675a6cd5b519fa6ca497fede4 -> 
  custom:scripting/monoscript/fileName/SpriteFrameModule.cs: f07011b3ec3622062bef733dc29fedf0 -> 
  custom:scripting/monoscript/fileName/ShapeEditorRectSelection.cs: 1696d724b33ef6168949bbdce78d19c6 -> 
  custom:scripting/monoscript/fileName/MakeDamageOnCollision.cs: c891a89eb5a65e98845e1237a768e523 -> 
  custom:scripting/monoscript/fileName/TextureImporterDataProviderImplementation.cs: ffb9fda6ca225aa106e9fa84455f4e60 -> 
  custom:scripting/monoscript/fileName/LootHeal.cs: d242dead9ab382370dfbc718a5fa7782 -> 
  custom:scripting/monoscript/fileName/Acorn.cs: 6d31e9898c93ab5da12ae36ad800cd04 -> 
  custom:scripting/monoscript/fileName/HealthUI.cs: e5730cd433ba33635704a2f91c7245cc -> 
  custom:scripting/monoscript/fileName/Rocket.cs: c89f140985a71d5c067121f5cdce5fde -> 
  custom:audio-encoder-webm-vorbis: bf7c407c2cedff20999df2af8eb42d56 -> 
  custom:scripting/monoscript/fileName/Rotate.cs: 0640615e68ae415c8adb0535396b225d -> 
  custom:scripting/monoscript/fileName/SpriteUtilityWindow.cs: 4827aafd0c4d893166845eac1266c4ed -> 
  custom:scripting/monoscript/fileName/SpriteFrameModuleBase.cs: 82472910b376b3c28a6f5b31b28f5f51 -> 
  custom:scripting/monoscript/fileName/PlayerMove.cs: e1b5b1ca7ac5e05a4b47501120527237 -> 
  custom:scripting/monoscript/fileName/SelfDestruct.cs: c475b0b8d708de80fa1ed2a6b376ae19 -> 
  custom:scripting/monoscript/fileName/DamageScreen.cs: 5426b96a61dff56d771c8d081622e42f -> 
  custom:scripting/monoscript/fileName/SpriteFrameModuleView.cs: f07011b3ec3622062bef733dc29fedf0 -> 
========================================================================
Received Prepare
Begin MonoManager ReloadAssembly
- Loaded All Assemblies, in  0.696 seconds
Refreshing native plugins compatible for Editor in 3.99 ms, found 3 plugins.
Native extension for UWP target not found
Native extension for WindowsStandalone target not found
Native extension for iOS target not found
Native extension for Android target not found
Native extension for WebGL target not found
[Package Manager] Server::EnsureServerProcessIsRunning -- launch failed, reason: Unity was launched with the -noUpm command-line argument
[Package Manager] UpmClient::Send -- Unable to send message (not connected to UPM process).
[Package Manager] Cannot connect to Unity Package Manager local server
Mono: successfully reloaded assembly
- Finished resetting the current domain, in  1.088 seconds
Domain Reload Profiling: 1779ms
	BeginReloadAssembly (255ms)
		ExecutionOrderSort (0ms)
		DisableScriptedObjects (10ms)
		BackupInstance (0ms)
		ReleaseScriptingObjects (0ms)
		CreateAndSetChildDomain (49ms)
	RebuildCommonClasses (65ms)
	RebuildNativeTypeToScriptingClass (22ms)
	initialDomainReloadingComplete (49ms)
	LoadAllAssembliesAndSetupDomain (300ms)
		LoadAssemblies (424ms)
		RebuildTransferFunctionScriptingTraits (0ms)
		AnalyzeDomain (26ms)
			TypeCache.Refresh (11ms)
				TypeCache.ScanAssembly (0ms)
			ScanForSourceGeneratedMonoScriptInfo (8ms)
			ResolveRequiredComponents (6ms)
	FinalizeReload (1088ms)
		ReleaseScriptCaches (0ms)
		RebuildScriptCaches (0ms)
		SetupLoadedEditorAssemblies (505ms)
			LogAssemblyErrors (0ms)
			InitializePlatformSupportModulesInManaged (47ms)
			SetLoadedEditorAssemblies (6ms)
			RefreshPlugins (0ms)
			BeforeProcessingInitializeOnLoad (89ms)
			ProcessInitializeOnLoadAttributes (320ms)
			ProcessInitializeOnLoadMethodAttributes (26ms)
			AfterProcessingInitializeOnLoad (16ms)
			EditorAssembliesLoaded (0ms)
		ExecutionOrderSort2 (0ms)
		AwakeInstancesAfterBackupRestoration (14ms)
Refreshing native plugins compatible for Editor in 2.24 ms, found 3 plugins.
Preloading 0 native plugins for Editor in 0.00 ms.
Unloading 3075 Unused Serialized files (Serialized files now loaded: 0)
Unloading 22 unused Assets / (30.5 KB). Loaded Objects now: 3608.
Memory consumption went from 119.3 MB to 119.3 MB.
Total: 3.506500 ms (FindLiveObjects: 0.357700 ms CreateObjectMapping: 0.103200 ms MarkObjects: 2.972500 ms  DeleteObjects: 0.071800 ms)

Prepare: number of updated asset objects reloaded= 0
AssetImportParameters requested are different than current active one (requested -> active):
  custom:scripting/monoscript/fileName/Pistol.cs: 66289aa18d62a6128d9802144d35e825 -> 
  custom:scripting/monoscript/fileName/LootBullets.cs: 61befb4d2ce282d51d744ca094f266b3 -> 
  custom:container-demuxer-ogg: 62fdf1f143b41e24485cea50d1cbac27 -> 
  custom:scripting/monoscript/fileName/SpriteEditorWindow.cs: 1629bd700639d5abf7ee9c1a15128fda -> 
  custom:scripting/monoscript/fileName/SpriteRect.cs: 8da6d12a5fbd75a0eba31cfa62842428 -> 
  custom:scripting/monoscript/fileName/PlayerArmory.cs: 72b8be74aa198932918672e5b2d1c3ea -> 
  custom:scripting/monoscript/fileName/Menu.cs: 6a6b6f10406332b78ded19ddc96541c7 -> 
  custom:scripting/monoscript/fileName/GameManager.cs: 9933fbcc6190e2a9171c2ec8808a053e -> 
  custom:scripting/monoscript/fileName/SoundManager.cs: 97b8b7f19e31a376baf624982cbfe12a -> 
  custom:scripting/monoscript/fileName/ISpriteEditorModule.cs: f35f8b8d39dcfd448fbbe9ea48566c2f -> 
  custom:scripting/monoscript/fileName/Hen.cs: 0717be46ddae3255e9a66e010e912baa -> 
  custom:scripting/monoscript/fileName/TakeDamageOnTrigger.cs: c431a7ee411ec1687e977f029f04fc14 -> 
  custom:scripting/monoscript/fileName/PrefabCreator.cs: 456abbe3eb45d979e3eb9a2c51803681 -> 
  custom:video-decoder-ogg-theora: a1e56fd34408186e4bbccfd4996cb3dc -> 
  custom:scripting/monoscript/fileName/MenuItems.cs: 3ea3522373e3b4d2ef39113c39531efd -> 
  custom:scripting/monoscript/fileName/Pointer.cs: d7f1f9138c5a08fb2eb7d9961697bfe7 -> 
  custom:scripting/monoscript/fileName/DefaultSpriteNameFileIdDataProvider.cs: cd965ed390b21ec0302c3211a9f903ff -> 
  custom:framework-win-MediaFoundation: 216162199b28c13a410421893ffa2e32 -> 
  custom:scripting/monoscript/fileName/ShapeEditor.cs: 7eba0c642af179a392c34e527393b30b -> 
  custom:scripting/monoscript/fileName/BatchPrefabCreator.cs: 3a5a0e4c54d125c34c7cf7bf204fff66 -> 
  custom:scripting/monoscript/fileName/Gun.cs: 7d05faef1ad0b187da47b70860e6ba9a -> 
  custom:scripting/monoscript/fileName/EnemyHealth.cs: a4d027726692f4f1a1dc379aafbb87e2 -> 
  custom:scripting/monoscript/fileName/SpritePolygonModeModule.cs: 8b4aa126b968b0772b9e20476364e690 -> 
  custom:scripting/monoscript/fileName/ItemCreationUtility.cs: d1c4ddba747ed633116f555c0d69ace7 -> 
  custom:scripting/monoscript/fileName/RotateToTargetEuler.cs: 3c25a53a8109c759f80f1da73db6dd52 -> 
  custom:scripting/monoscript/fileName/TakeDamageOnCollision.cs: acc97693ea9e5ea837a7218b4afb93b0 -> 
  custom:scripting/monoscript/fileName/ActivateByDistance.cs: 734949179646c69c8b32c1848b06046d -> 
  custom:CustomObjectIndexerAttribute: 756ad292c208cfabdd7b50bc23989ffe -> 
  custom:scripting/monoscript/fileName/SetTriggerEveryNSeconds.cs: 12c24bf03fc307e59d34ac40c9aa159f -> 
  custom:scripting/monoscript/fileName/RayGizmo.cs: 224f479f6ddf0dbe6c4f51b910d39946 -> 
  custom:scripting/monoscript/fileName/SpriteEditorHandles.cs: 8b78502b9b56b3c556563a6e935b52ad -> 
  custom:scripting/monoscript/fileName/ChargeIcon.cs: 283102bca38cd0be80d00643b3127366 -> 
  custom:container-demuxer-webm: 4f35f7cbe854078d1ac9338744f61a02 -> 
  custom:scripting/monoscript/fileName/Walker.cs: 7d5611d0bf86c6a16ba258d07f8dbaec -> 
  custom:scripting/monoscript/fileName/EventsArray.cs: c533851b67810d6e0c5d80968905121c -> 
  custom:scripting/monoscript/fileName/MakeDamageOnTrigger.cs: d6341046a6cf053218da763953401c19 -> 
  custom:scripting/monoscript/fileName/SpriteNameFileIdPair.cs: 8dab74045e538d5698ea3c4caed3e48c -> 
  custom:scripting/monoscript/fileName/IGL.cs: 8903f8a1304142ec1aefe33b7a4db28c -> 
  custom:scripting/monoscript/fileName/JumpGun.cs: 43d1f7baff6fd5cbb745cc84f9369f18 -> 
  custom:scripting/monoscript/fileName/SpritePhysicsShapeModule.cs: 35688b9e178698712b557d50761dc7c2 -> 
  custom:scripting/monoscript/fileName/ITexture.cs: dbb4c87e1c028ce779185d5d3d566460 -> 
  custom:scripting/monoscript/fileName/Carrot.cs: e4acc89e4f0644f074ecee6904082512 -> 
  custom:scripting/monoscript/fileName/TimeManager.cs: ee896401883365d64d0753163ba65eb8 -> 
  custom:container-muxer-webm: aa71ff27fc2769a1b78a27578f13a17b -> 
  custom:scripting/monoscript/fileName/IEvent.cs: c25d501578d8ebe48d7b30415b0df4c5 -> 
  custom:video-decoder-webm-vp8: 9c59270c3fd7afecdb556c50c9e8de78 -> 
  custom:scripting/monoscript/fileName/SpriteOutlineModule.cs: 249fecf584323de7d2fd0b14e9a4944c -> 
  custom:scripting/monoscript/fileName/Blink.cs: b9fd39b54b16a9ec65c57f4056a88cf9 -> 
  custom:SearchIndexIgnoredProperties: e643bd26f0fe6173181afceb89e7c659 -> 
  custom:scripting/monoscript/fileName/Automat.cs: e4b38d3060dd058ca0d02f4d08ab9afe -> 
  custom:AudioImporter_EditorPlatform: d09bf68614088b80899f8185d706f6e7 -> 
  custom:scripting/monoscript/fileName/SpriteEditorUtility.cs: 7e2d1f2cb427fd67c5461f9431375c3a -> 
  custom:scripting/monoscript/fileName/SpriteSecondaryTexturesModule.cs: 8f361de5bdfd731e220c415240ad033f -> 
  custom:scripting/monoscript/fileName/Activator.cs: 9fab02d4a385fb5fbcec9e678f4ac55d -> 
  custom:scripting/monoscript/fileName/PlayerHealth.cs: 49f415306e52895faa0b0a35d62e54a1 -> 
  custom:scripting/monoscript/fileName/IGUIUtility.cs: cad79017f17454feb4e1799b1c42f87c -> 
  custom:scripting/monoscript/fileName/IHandles.cs: d2780a18a3844e49d490d68d5cb3d26a -> 
  custom:scripting/monoscript/fileName/RotateToPlayer.cs: 9d2403b98c14fc4c180fdb01b53bbded -> 
  custom:scripting/monoscript/fileName/TextureImporterDataProvider.cs: d68f5d5325387f4e38fdcf2610c72ce3 -> 
  custom:scripting/monoscript/fileName/Head.cs: a23c654dc8f9bb9d5d2cf983200d10c7 -> 
  custom:scripting/monoscript/fileName/SpriteEditorMenu.cs: f9042f312a91c162ede0d5de48225240 -> 
  custom:scripting/monoscript/fileName/Follow.cs: 04d7b2a4d28d75b3f1c1084a58bf5a59 -> 
  custom:scripting/monoscript/fileName/ISpriteEditorDataProvider.cs: 4c01add71bf03a3e1afff21bbd534ee9 -> 
  custom:scripting/monoscript/fileName/IUndoSystem.cs: 841a069a843e48d57d362ca08bca21d4 -> 
  custom:scripting/monoscript/fileName/SpritePolygonModeModuleView.cs: db8ddbee5a89c636987047f4602001ef -> 
  custom:scripting/monoscript/fileName/SpriteEditorData.cs: 79e0d970ecf11ef3020398e38672548f -> 
  custom:scripting/monoscript/fileName/ButtonAnimation.cs: 9ce2e6d788c20b190ba1416234fc8783 -> 
  custom:video-encoder-webm-vp8: eb34c28f22e8b96e1ab97ce403110664 -> 
  custom:audio-decoder-ogg-vorbis: bf7c407c2cedff20999df2af8eb42d56 -> 
  custom:scripting/monoscript/fileName/SpriteEditorWindowSettings.cs: 8e59c26ada2085b3ebaa83fd01af70e3 -> 
  custom:scripting/monoscript/fileName/SpriteFrameModuleBaseView.cs: 72abaa53c3c1184e23d4d9a45f62d8c2 -> 
  custom:scripting/monoscript/fileName/Bullet.cs: a4f5918e799041ba1f6608f13912eb8b -> 
  custom:scripting/monoscript/fileName/IAssetDatabase.cs: c40b958675a6cd5b519fa6ca497fede4 -> 
  custom:scripting/monoscript/fileName/SpriteFrameModule.cs: f07011b3ec3622062bef733dc29fedf0 -> 
  custom:scripting/monoscript/fileName/ShapeEditorRectSelection.cs: 1696d724b33ef6168949bbdce78d19c6 -> 
  custom:scripting/monoscript/fileName/MakeDamageOnCollision.cs: c891a89eb5a65e98845e1237a768e523 -> 
  custom:scripting/monoscript/fileName/TextureImporterDataProviderImplementation.cs: ffb9fda6ca225aa106e9fa84455f4e60 -> 
  custom:scripting/monoscript/fileName/LootHeal.cs: d242dead9ab382370dfbc718a5fa7782 -> 
  custom:scripting/monoscript/fileName/Acorn.cs: 6d31e9898c93ab5da12ae36ad800cd04 -> 
  custom:scripting/monoscript/fileName/HealthUI.cs: e5730cd433ba33635704a2f91c7245cc -> 
  custom:scripting/monoscript/fileName/Rocket.cs: c89f140985a71d5c067121f5cdce5fde -> 
  custom:audio-encoder-webm-vorbis: bf7c407c2cedff20999df2af8eb42d56 -> 
  custom:scripting/monoscript/fileName/Rotate.cs: 0640615e68ae415c8adb0535396b225d -> 
  custom:scripting/monoscript/fileName/SpriteUtilityWindow.cs: 4827aafd0c4d893166845eac1266c4ed -> 
  custom:scripting/monoscript/fileName/SpriteFrameModuleBase.cs: 82472910b376b3c28a6f5b31b28f5f51 -> 
  custom:scripting/monoscript/fileName/PlayerMove.cs: e1b5b1ca7ac5e05a4b47501120527237 -> 
  custom:scripting/monoscript/fileName/SelfDestruct.cs: c475b0b8d708de80fa1ed2a6b376ae19 -> 
  custom:scripting/monoscript/fileName/DamageScreen.cs: 5426b96a61dff56d771c8d081622e42f -> 
  custom:scripting/monoscript/fileName/SpriteFrameModuleView.cs: f07011b3ec3622062bef733dc29fedf0 -> 
========================================================================
Received Prepare
Begin MonoManager ReloadAssembly
- Loaded All Assemblies, in  0.587 seconds
Refreshing native plugins compatible for Editor in 2.31 ms, found 3 plugins.
Native extension for UWP target not found
Native extension for WindowsStandalone target not found
Native extension for iOS target not found
Native extension for Android target not found
Native extension for WebGL target not found
[Package Manager] Server::EnsureServerProcessIsRunning -- launch failed, reason: Unity was launched with the -noUpm command-line argument
[Package Manager] UpmClient::Send -- Unable to send message (not connected to UPM process).
[Package Manager] Cannot connect to Unity Package Manager local server
Mono: successfully reloaded assembly
- Finished resetting the current domain, in  1.935 seconds
Domain Reload Profiling: 2519ms
	BeginReloadAssembly (196ms)
		ExecutionOrderSort (0ms)
		DisableScriptedObjects (6ms)
		BackupInstance (0ms)
		ReleaseScriptingObjects (0ms)
		CreateAndSetChildDomain (39ms)
	RebuildCommonClasses (58ms)
	RebuildNativeTypeToScriptingClass (16ms)
	initialDomainReloadingComplete (35ms)
	LoadAllAssembliesAndSetupDomain (280ms)
		LoadAssemblies (374ms)
		RebuildTransferFunctionScriptingTraits (0ms)
		AnalyzeDomain (17ms)
			TypeCache.Refresh (7ms)
				TypeCache.ScanAssembly (0ms)
			ScanForSourceGeneratedMonoScriptInfo (0ms)
			ResolveRequiredComponents (8ms)
	FinalizeReload (1936ms)
		ReleaseScriptCaches (0ms)
		RebuildScriptCaches (0ms)
		SetupLoadedEditorAssemblies (1155ms)
			LogAssemblyErrors (0ms)
			InitializePlatformSupportModulesInManaged (98ms)
			SetLoadedEditorAssemblies (13ms)
			RefreshPlugins (0ms)
			BeforeProcessingInitializeOnLoad (189ms)
			ProcessInitializeOnLoadAttributes (780ms)
			ProcessInitializeOnLoadMethodAttributes (55ms)
			AfterProcessingInitializeOnLoad (20ms)
			EditorAssembliesLoaded (0ms)
		ExecutionOrderSort2 (0ms)
		AwakeInstancesAfterBackupRestoration (21ms)
Refreshing native plugins compatible for Editor in 4.57 ms, found 3 plugins.
Preloading 0 native plugins for Editor in 0.00 ms.
Unloading 3075 Unused Serialized files (Serialized files now loaded: 0)
Unloading 22 unused Assets / (30.5 KB). Loaded Objects now: 3611.
Memory consumption went from 119.3 MB to 119.3 MB.
Total: 7.779700 ms (FindLiveObjects: 0.353800 ms CreateObjectMapping: 0.301900 ms MarkObjects: 6.701800 ms  DeleteObjects: 0.419500 ms)

Prepare: number of updated asset objects reloaded= 0
AssetImportParameters requested are different than current active one (requested -> active):
  custom:scripting/monoscript/fileName/Pistol.cs: 66289aa18d62a6128d9802144d35e825 -> 
  custom:scripting/monoscript/fileName/LootBullets.cs: 61befb4d2ce282d51d744ca094f266b3 -> 
  custom:container-demuxer-ogg: 62fdf1f143b41e24485cea50d1cbac27 -> 
  custom:scripting/monoscript/fileName/SpriteEditorWindow.cs: 1629bd700639d5abf7ee9c1a15128fda -> 
  custom:scripting/monoscript/fileName/SpriteRect.cs: 8da6d12a5fbd75a0eba31cfa62842428 -> 
  custom:scripting/monoscript/fileName/PlayerArmory.cs: 72b8be74aa198932918672e5b2d1c3ea -> 
  custom:scripting/monoscript/fileName/Menu.cs: 6a6b6f10406332b78ded19ddc96541c7 -> 
  custom:scripting/monoscript/fileName/GameManager.cs: 9933fbcc6190e2a9171c2ec8808a053e -> 
  custom:scripting/monoscript/fileName/SoundManager.cs: 97b8b7f19e31a376baf624982cbfe12a -> 
  custom:scripting/monoscript/fileName/ISpriteEditorModule.cs: f35f8b8d39dcfd448fbbe9ea48566c2f -> 
  custom:scripting/monoscript/fileName/Hen.cs: 0717be46ddae3255e9a66e010e912baa -> 
  custom:scripting/monoscript/fileName/TakeDamageOnTrigger.cs: c431a7ee411ec1687e977f029f04fc14 -> 
  custom:scripting/monoscript/fileName/PrefabCreator.cs: 456abbe3eb45d979e3eb9a2c51803681 -> 
  custom:video-decoder-ogg-theora: a1e56fd34408186e4bbccfd4996cb3dc -> 
  custom:scripting/monoscript/fileName/MenuItems.cs: 3ea3522373e3b4d2ef39113c39531efd -> 
  custom:scripting/monoscript/fileName/Pointer.cs: d7f1f9138c5a08fb2eb7d9961697bfe7 -> 
  custom:scripting/monoscript/fileName/DefaultSpriteNameFileIdDataProvider.cs: cd965ed390b21ec0302c3211a9f903ff -> 
  custom:framework-win-MediaFoundation: 216162199b28c13a410421893ffa2e32 -> 
  custom:scripting/monoscript/fileName/ShapeEditor.cs: 7eba0c642af179a392c34e527393b30b -> 
  custom:scripting/monoscript/fileName/BatchPrefabCreator.cs: 3a5a0e4c54d125c34c7cf7bf204fff66 -> 
  custom:scripting/monoscript/fileName/Gun.cs: 7d05faef1ad0b187da47b70860e6ba9a -> 
  custom:scripting/monoscript/fileName/EnemyHealth.cs: a4d027726692f4f1a1dc379aafbb87e2 -> 
  custom:scripting/monoscript/fileName/SpritePolygonModeModule.cs: 8b4aa126b968b0772b9e20476364e690 -> 
  custom:scripting/monoscript/fileName/ItemCreationUtility.cs: d1c4ddba747ed633116f555c0d69ace7 -> 
  custom:scripting/monoscript/fileName/RotateToTargetEuler.cs: 3c25a53a8109c759f80f1da73db6dd52 -> 
  custom:scripting/monoscript/fileName/TakeDamageOnCollision.cs: acc97693ea9e5ea837a7218b4afb93b0 -> 
  custom:scripting/monoscript/fileName/ActivateByDistance.cs: 734949179646c69c8b32c1848b06046d -> 
  custom:CustomObjectIndexerAttribute: 756ad292c208cfabdd7b50bc23989ffe -> 
  custom:scripting/monoscript/fileName/SetTriggerEveryNSeconds.cs: 12c24bf03fc307e59d34ac40c9aa159f -> 
  custom:scripting/monoscript/fileName/RayGizmo.cs: 224f479f6ddf0dbe6c4f51b910d39946 -> 
  custom:scripting/monoscript/fileName/SpriteEditorHandles.cs: 8b78502b9b56b3c556563a6e935b52ad -> 
  custom:scripting/monoscript/fileName/ChargeIcon.cs: 283102bca38cd0be80d00643b3127366 -> 
  custom:container-demuxer-webm: 4f35f7cbe854078d1ac9338744f61a02 -> 
  custom:scripting/monoscript/fileName/Walker.cs: 7d5611d0bf86c6a16ba258d07f8dbaec -> 
  custom:scripting/monoscript/fileName/EventsArray.cs: c533851b67810d6e0c5d80968905121c -> 
  custom:scripting/monoscript/fileName/MakeDamageOnTrigger.cs: d6341046a6cf053218da763953401c19 -> 
  custom:scripting/monoscript/fileName/SpriteNameFileIdPair.cs: 8dab74045e538d5698ea3c4caed3e48c -> 
  custom:scripting/monoscript/fileName/IGL.cs: 8903f8a1304142ec1aefe33b7a4db28c -> 
  custom:scripting/monoscript/fileName/JumpGun.cs: 43d1f7baff6fd5cbb745cc84f9369f18 -> 
  custom:scripting/monoscript/fileName/SpritePhysicsShapeModule.cs: 35688b9e178698712b557d50761dc7c2 -> 
  custom:scripting/monoscript/fileName/ITexture.cs: dbb4c87e1c028ce779185d5d3d566460 -> 
  custom:scripting/monoscript/fileName/Carrot.cs: e4acc89e4f0644f074ecee6904082512 -> 
  custom:scripting/monoscript/fileName/TimeManager.cs: ee896401883365d64d0753163ba65eb8 -> 
  custom:container-muxer-webm: aa71ff27fc2769a1b78a27578f13a17b -> 
  custom:scripting/monoscript/fileName/IEvent.cs: c25d501578d8ebe48d7b30415b0df4c5 -> 
  custom:video-decoder-webm-vp8: 9c59270c3fd7afecdb556c50c9e8de78 -> 
  custom:scripting/monoscript/fileName/SpriteOutlineModule.cs: 249fecf584323de7d2fd0b14e9a4944c -> 
  custom:scripting/monoscript/fileName/Blink.cs: b9fd39b54b16a9ec65c57f4056a88cf9 -> 
  custom:SearchIndexIgnoredProperties: e643bd26f0fe6173181afceb89e7c659 -> 
  custom:scripting/monoscript/fileName/Automat.cs: e4b38d3060dd058ca0d02f4d08ab9afe -> 
  custom:AudioImporter_EditorPlatform: d09bf68614088b80899f8185d706f6e7 -> 
  custom:scripting/monoscript/fileName/SpriteEditorUtility.cs: 7e2d1f2cb427fd67c5461f9431375c3a -> 
  custom:scripting/monoscript/fileName/SpriteSecondaryTexturesModule.cs: 8f361de5bdfd731e220c415240ad033f -> 
  custom:scripting/monoscript/fileName/Activator.cs: 9fab02d4a385fb5fbcec9e678f4ac55d -> 
  custom:scripting/monoscript/fileName/PlayerHealth.cs: 49f415306e52895faa0b0a35d62e54a1 -> 
  custom:scripting/monoscript/fileName/IGUIUtility.cs: cad79017f17454feb4e1799b1c42f87c -> 
  custom:scripting/monoscript/fileName/IHandles.cs: d2780a18a3844e49d490d68d5cb3d26a -> 
  custom:scripting/monoscript/fileName/RotateToPlayer.cs: 9d2403b98c14fc4c180fdb01b53bbded -> 
  custom:scripting/monoscript/fileName/TextureImporterDataProvider.cs: d68f5d5325387f4e38fdcf2610c72ce3 -> 
  custom:scripting/monoscript/fileName/Head.cs: a23c654dc8f9bb9d5d2cf983200d10c7 -> 
  custom:scripting/monoscript/fileName/SpriteEditorMenu.cs: f9042f312a91c162ede0d5de48225240 -> 
  custom:scripting/monoscript/fileName/Follow.cs: 04d7b2a4d28d75b3f1c1084a58bf5a59 -> 
  custom:scripting/monoscript/fileName/ISpriteEditorDataProvider.cs: 4c01add71bf03a3e1afff21bbd534ee9 -> 
  custom:scripting/monoscript/fileName/IUndoSystem.cs: 841a069a843e48d57d362ca08bca21d4 -> 
  custom:scripting/monoscript/fileName/SpritePolygonModeModuleView.cs: db8ddbee5a89c636987047f4602001ef -> 
  custom:scripting/monoscript/fileName/SpriteEditorData.cs: 79e0d970ecf11ef3020398e38672548f -> 
  custom:scripting/monoscript/fileName/ButtonAnimation.cs: 9ce2e6d788c20b190ba1416234fc8783 -> 
  custom:video-encoder-webm-vp8: eb34c28f22e8b96e1ab97ce403110664 -> 
  custom:audio-decoder-ogg-vorbis: bf7c407c2cedff20999df2af8eb42d56 -> 
  custom:scripting/monoscript/fileName/SpriteEditorWindowSettings.cs: 8e59c26ada2085b3ebaa83fd01af70e3 -> 
  custom:scripting/monoscript/fileName/SpriteFrameModuleBaseView.cs: 72abaa53c3c1184e23d4d9a45f62d8c2 -> 
  custom:scripting/monoscript/fileName/Bullet.cs: a4f5918e799041ba1f6608f13912eb8b -> 
  custom:scripting/monoscript/fileName/IAssetDatabase.cs: c40b958675a6cd5b519fa6ca497fede4 -> 
  custom:scripting/monoscript/fileName/SpriteFrameModule.cs: f07011b3ec3622062bef733dc29fedf0 -> 
  custom:scripting/monoscript/fileName/ShapeEditorRectSelection.cs: 1696d724b33ef6168949bbdce78d19c6 -> 
  custom:scripting/monoscript/fileName/MakeDamageOnCollision.cs: c891a89eb5a65e98845e1237a768e523 -> 
  custom:scripting/monoscript/fileName/TextureImporterDataProviderImplementation.cs: ffb9fda6ca225aa106e9fa84455f4e60 -> 
  custom:scripting/monoscript/fileName/LootHeal.cs: d242dead9ab382370dfbc718a5fa7782 -> 
  custom:scripting/monoscript/fileName/Acorn.cs: 6d31e9898c93ab5da12ae36ad800cd04 -> 
  custom:scripting/monoscript/fileName/HealthUI.cs: e5730cd433ba33635704a2f91c7245cc -> 
  custom:scripting/monoscript/fileName/Rocket.cs: c89f140985a71d5c067121f5cdce5fde -> 
  custom:audio-encoder-webm-vorbis: bf7c407c2cedff20999df2af8eb42d56 -> 
  custom:scripting/monoscript/fileName/Rotate.cs: 0640615e68ae415c8adb0535396b225d -> 
  custom:scripting/monoscript/fileName/SpriteUtilityWindow.cs: 4827aafd0c4d893166845eac1266c4ed -> 
  custom:scripting/monoscript/fileName/SpriteFrameModuleBase.cs: 82472910b376b3c28a6f5b31b28f5f51 -> 
  custom:scripting/monoscript/fileName/PlayerMove.cs: e1b5b1ca7ac5e05a4b47501120527237 -> 
  custom:scripting/monoscript/fileName/SelfDestruct.cs: c475b0b8d708de80fa1ed2a6b376ae19 -> 
  custom:scripting/monoscript/fileName/DamageScreen.cs: 5426b96a61dff56d771c8d081622e42f -> 
  custom:scripting/monoscript/fileName/SpriteFrameModuleView.cs: f07011b3ec3622062bef733dc29fedf0 -> 
========================================================================
Received Import Request.
  Time since last request: 400.568655 seconds.
  path: Assets/Assets/Scripts/BoatMovement1/Floater
  artifactKey: Guid(5e21f1816ff0fb748aa1f6049810756b) Importer(815301076,1909f56bfc062723c751e8b465ee728b)
Start importing Assets/Assets/Scripts/BoatMovement1/Floater using Guid(5e21f1816ff0fb748aa1f6049810756b) Importer(815301076,1909f56bfc062723c751e8b465ee728b)  -> (artifact id: '1f25a63195e77809383a85586f602f8b') in 0.002932 seconds
Number of updated asset objects reloaded before import = 0
Number of asset objects unloaded after import = 0
========================================================================
Received Import Request.
  Time since last request: 5.082570 seconds.
  path: Assets/Assets/Scripts/BoatMovement1/Managers
  artifactKey: Guid(d72572b5e3673a540a44a99885ad3eee) Importer(815301076,1909f56bfc062723c751e8b465ee728b)
Start importing Assets/Assets/Scripts/BoatMovement1/Managers using Guid(d72572b5e3673a540a44a99885ad3eee) Importer(815301076,1909f56bfc062723c751e8b465ee728b)  -> (artifact id: 'c5f17c3487039098d6a2970cb550fa58') in 0.001037 seconds
Number of updated asset objects reloaded before import = 0
Number of asset objects unloaded after import = 0
========================================================================
Received Prepare
Begin MonoManager ReloadAssembly
- Loaded All Assemblies, in  0.625 seconds
Refreshing native plugins compatible for Editor in 2.22 ms, found 3 plugins.
Native extension for UWP target not found
Native extension for WindowsStandalone target not found
Native extension for iOS target not found
Native extension for Android target not found
Native extension for WebGL target not found
[Package Manager] Server::EnsureServerProcessIsRunning -- launch failed, reason: Unity was launched with the -noUpm command-line argument
[Package Manager] UpmClient::Send -- Unable to send message (not connected to UPM process).
[Package Manager] Cannot connect to Unity Package Manager local server
Mono: successfully reloaded assembly
- Finished resetting the current domain, in  1.133 seconds
Domain Reload Profiling: 1748ms
	BeginReloadAssembly (206ms)
		ExecutionOrderSort (0ms)
		DisableScriptedObjects (7ms)
		BackupInstance (0ms)
		ReleaseScriptingObjects (0ms)
		CreateAndSetChildDomain (40ms)
	RebuildCommonClasses (52ms)
	RebuildNativeTypeToScriptingClass (27ms)
	initialDomainReloadingComplete (44ms)
	LoadAllAssembliesAndSetupDomain (285ms)
		LoadAssemblies (375ms)
		RebuildTransferFunctionScriptingTraits (0ms)
		AnalyzeDomain (29ms)
			TypeCache.Refresh (12ms)
				TypeCache.ScanAssembly (0ms)
			ScanForSourceGeneratedMonoScriptInfo (11ms)
			ResolveRequiredComponents (5ms)
	FinalizeReload (1134ms)
		ReleaseScriptCaches (0ms)
		RebuildScriptCaches (0ms)
		SetupLoadedEditorAssemblies (497ms)
			LogAssemblyErrors (0ms)
			InitializePlatformSupportModulesInManaged (45ms)
			SetLoadedEditorAssemblies (4ms)
			RefreshPlugins (0ms)
			BeforeProcessingInitializeOnLoad (72ms)
			ProcessInitializeOnLoadAttributes (343ms)
			ProcessInitializeOnLoadMethodAttributes (24ms)
			AfterProcessingInitializeOnLoad (9ms)
			EditorAssembliesLoaded (0ms)
		ExecutionOrderSort2 (0ms)
		AwakeInstancesAfterBackupRestoration (12ms)
Refreshing native plugins compatible for Editor in 2.27 ms, found 3 plugins.
Preloading 0 native plugins for Editor in 0.00 ms.
Unloading 3074 Unused Serialized files (Serialized files now loaded: 0)
Unloading 22 unused Assets / (30.5 KB). Loaded Objects now: 3614.
Memory consumption went from 119.0 MB to 119.0 MB.
Total: 3.591700 ms (FindLiveObjects: 0.303500 ms CreateObjectMapping: 0.283800 ms MarkObjects: 2.951500 ms  DeleteObjects: 0.051700 ms)

Prepare: number of updated asset objects reloaded= 0
AssetImportParameters requested are different than current active one (requested -> active):
  custom:scripting/monoscript/fileName/Pistol.cs: 66289aa18d62a6128d9802144d35e825 -> 
  custom:scripting/monoscript/fileName/LootBullets.cs: 61befb4d2ce282d51d744ca094f266b3 -> 
  custom:container-demuxer-ogg: 62fdf1f143b41e24485cea50d1cbac27 -> 
  custom:scripting/monoscript/fileName/SpriteEditorWindow.cs: 1629bd700639d5abf7ee9c1a15128fda -> 
  custom:scripting/monoscript/fileName/SpriteRect.cs: 8da6d12a5fbd75a0eba31cfa62842428 -> 
  custom:scripting/monoscript/fileName/PlayerArmory.cs: 72b8be74aa198932918672e5b2d1c3ea -> 
  custom:scripting/monoscript/fileName/Menu.cs: 6a6b6f10406332b78ded19ddc96541c7 -> 
  custom:scripting/monoscript/fileName/GameManager.cs: 9933fbcc6190e2a9171c2ec8808a053e -> 
  custom:scripting/monoscript/fileName/SoundManager.cs: 97b8b7f19e31a376baf624982cbfe12a -> 
  custom:scripting/monoscript/fileName/ISpriteEditorModule.cs: f35f8b8d39dcfd448fbbe9ea48566c2f -> 
  custom:scripting/monoscript/fileName/Hen.cs: 0717be46ddae3255e9a66e010e912baa -> 
  custom:scripting/monoscript/fileName/TakeDamageOnTrigger.cs: c431a7ee411ec1687e977f029f04fc14 -> 
  custom:scripting/monoscript/fileName/PrefabCreator.cs: 456abbe3eb45d979e3eb9a2c51803681 -> 
  custom:video-decoder-ogg-theora: a1e56fd34408186e4bbccfd4996cb3dc -> 
  custom:scripting/monoscript/fileName/MenuItems.cs: 3ea3522373e3b4d2ef39113c39531efd -> 
  custom:scripting/monoscript/fileName/Pointer.cs: d7f1f9138c5a08fb2eb7d9961697bfe7 -> 
  custom:scripting/monoscript/fileName/DefaultSpriteNameFileIdDataProvider.cs: cd965ed390b21ec0302c3211a9f903ff -> 
  custom:framework-win-MediaFoundation: 216162199b28c13a410421893ffa2e32 -> 
  custom:scripting/monoscript/fileName/ShapeEditor.cs: 7eba0c642af179a392c34e527393b30b -> 
  custom:scripting/monoscript/fileName/BatchPrefabCreator.cs: 3a5a0e4c54d125c34c7cf7bf204fff66 -> 
  custom:scripting/monoscript/fileName/Gun.cs: 7d05faef1ad0b187da47b70860e6ba9a -> 
  custom:scripting/monoscript/fileName/EnemyHealth.cs: a4d027726692f4f1a1dc379aafbb87e2 -> 
  custom:scripting/monoscript/fileName/SpritePolygonModeModule.cs: 8b4aa126b968b0772b9e20476364e690 -> 
  custom:scripting/monoscript/fileName/ItemCreationUtility.cs: d1c4ddba747ed633116f555c0d69ace7 -> 
  custom:scripting/monoscript/fileName/RotateToTargetEuler.cs: 3c25a53a8109c759f80f1da73db6dd52 -> 
  custom:scripting/monoscript/fileName/TakeDamageOnCollision.cs: acc97693ea9e5ea837a7218b4afb93b0 -> 
  custom:scripting/monoscript/fileName/ActivateByDistance.cs: 734949179646c69c8b32c1848b06046d -> 
  custom:CustomObjectIndexerAttribute: 756ad292c208cfabdd7b50bc23989ffe -> 
  custom:scripting/monoscript/fileName/SetTriggerEveryNSeconds.cs: 12c24bf03fc307e59d34ac40c9aa159f -> 
  custom:scripting/monoscript/fileName/RayGizmo.cs: 224f479f6ddf0dbe6c4f51b910d39946 -> 
  custom:scripting/monoscript/fileName/SpriteEditorHandles.cs: 8b78502b9b56b3c556563a6e935b52ad -> 
  custom:scripting/monoscript/fileName/ChargeIcon.cs: 283102bca38cd0be80d00643b3127366 -> 
  custom:container-demuxer-webm: 4f35f7cbe854078d1ac9338744f61a02 -> 
  custom:scripting/monoscript/fileName/Walker.cs: 7d5611d0bf86c6a16ba258d07f8dbaec -> 
  custom:scripting/monoscript/fileName/EventsArray.cs: c533851b67810d6e0c5d80968905121c -> 
  custom:scripting/monoscript/fileName/MakeDamageOnTrigger.cs: d6341046a6cf053218da763953401c19 -> 
  custom:scripting/monoscript/fileName/SpriteNameFileIdPair.cs: 8dab74045e538d5698ea3c4caed3e48c -> 
  custom:scripting/monoscript/fileName/IGL.cs: 8903f8a1304142ec1aefe33b7a4db28c -> 
  custom:scripting/monoscript/fileName/JumpGun.cs: 43d1f7baff6fd5cbb745cc84f9369f18 -> 
  custom:scripting/monoscript/fileName/SpritePhysicsShapeModule.cs: 35688b9e178698712b557d50761dc7c2 -> 
  custom:scripting/monoscript/fileName/ITexture.cs: dbb4c87e1c028ce779185d5d3d566460 -> 
  custom:scripting/monoscript/fileName/Carrot.cs: e4acc89e4f0644f074ecee6904082512 -> 
  custom:scripting/monoscript/fileName/TimeManager.cs: ee896401883365d64d0753163ba65eb8 -> 
  custom:container-muxer-webm: aa71ff27fc2769a1b78a27578f13a17b -> 
  custom:scripting/monoscript/fileName/IEvent.cs: c25d501578d8ebe48d7b30415b0df4c5 -> 
  custom:video-decoder-webm-vp8: 9c59270c3fd7afecdb556c50c9e8de78 -> 
  custom:scripting/monoscript/fileName/SpriteOutlineModule.cs: 249fecf584323de7d2fd0b14e9a4944c -> 
  custom:scripting/monoscript/fileName/Blink.cs: b9fd39b54b16a9ec65c57f4056a88cf9 -> 
  custom:SearchIndexIgnoredProperties: e643bd26f0fe6173181afceb89e7c659 -> 
  custom:scripting/monoscript/fileName/Automat.cs: e4b38d3060dd058ca0d02f4d08ab9afe -> 
  custom:AudioImporter_EditorPlatform: d09bf68614088b80899f8185d706f6e7 -> 
  custom:scripting/monoscript/fileName/SpriteEditorUtility.cs: 7e2d1f2cb427fd67c5461f9431375c3a -> 
  custom:scripting/monoscript/fileName/SpriteSecondaryTexturesModule.cs: 8f361de5bdfd731e220c415240ad033f -> 
  custom:scripting/monoscript/fileName/Activator.cs: 9fab02d4a385fb5fbcec9e678f4ac55d -> 
  custom:scripting/monoscript/fileName/PlayerHealth.cs: 49f415306e52895faa0b0a35d62e54a1 -> 
  custom:scripting/monoscript/fileName/IGUIUtility.cs: cad79017f17454feb4e1799b1c42f87c -> 
  custom:scripting/monoscript/fileName/IHandles.cs: d2780a18a3844e49d490d68d5cb3d26a -> 
  custom:scripting/monoscript/fileName/RotateToPlayer.cs: 9d2403b98c14fc4c180fdb01b53bbded -> 
  custom:scripting/monoscript/fileName/TextureImporterDataProvider.cs: d68f5d5325387f4e38fdcf2610c72ce3 -> 
  custom:scripting/monoscript/fileName/Head.cs: a23c654dc8f9bb9d5d2cf983200d10c7 -> 
  custom:scripting/monoscript/fileName/SpriteEditorMenu.cs: f9042f312a91c162ede0d5de48225240 -> 
  custom:scripting/monoscript/fileName/Follow.cs: 04d7b2a4d28d75b3f1c1084a58bf5a59 -> 
  custom:scripting/monoscript/fileName/ISpriteEditorDataProvider.cs: 4c01add71bf03a3e1afff21bbd534ee9 -> 
  custom:scripting/monoscript/fileName/IUndoSystem.cs: 841a069a843e48d57d362ca08bca21d4 -> 
  custom:scripting/monoscript/fileName/SpritePolygonModeModuleView.cs: db8ddbee5a89c636987047f4602001ef -> 
  custom:scripting/monoscript/fileName/SpriteEditorData.cs: 79e0d970ecf11ef3020398e38672548f -> 
  custom:scripting/monoscript/fileName/ButtonAnimation.cs: 9ce2e6d788c20b190ba1416234fc8783 -> 
  custom:video-encoder-webm-vp8: eb34c28f22e8b96e1ab97ce403110664 -> 
  custom:audio-decoder-ogg-vorbis: bf7c407c2cedff20999df2af8eb42d56 -> 
  custom:scripting/monoscript/fileName/SpriteEditorWindowSettings.cs: 8e59c26ada2085b3ebaa83fd01af70e3 -> 
  custom:scripting/monoscript/fileName/SpriteFrameModuleBaseView.cs: 72abaa53c3c1184e23d4d9a45f62d8c2 -> 
  custom:scripting/monoscript/fileName/Bullet.cs: a4f5918e799041ba1f6608f13912eb8b -> 
  custom:scripting/monoscript/fileName/IAssetDatabase.cs: c40b958675a6cd5b519fa6ca497fede4 -> 
  custom:scripting/monoscript/fileName/SpriteFrameModule.cs: f07011b3ec3622062bef733dc29fedf0 -> 
  custom:scripting/monoscript/fileName/ShapeEditorRectSelection.cs: 1696d724b33ef6168949bbdce78d19c6 -> 
  custom:scripting/monoscript/fileName/MakeDamageOnCollision.cs: c891a89eb5a65e98845e1237a768e523 -> 
  custom:scripting/monoscript/fileName/TextureImporterDataProviderImplementation.cs: ffb9fda6ca225aa106e9fa84455f4e60 -> 
  custom:scripting/monoscript/fileName/LootHeal.cs: d242dead9ab382370dfbc718a5fa7782 -> 
  custom:scripting/monoscript/fileName/Acorn.cs: 6d31e9898c93ab5da12ae36ad800cd04 -> 
  custom:scripting/monoscript/fileName/HealthUI.cs: e5730cd433ba33635704a2f91c7245cc -> 
  custom:scripting/monoscript/fileName/Rocket.cs: c89f140985a71d5c067121f5cdce5fde -> 
  custom:audio-encoder-webm-vorbis: bf7c407c2cedff20999df2af8eb42d56 -> 
  custom:scripting/monoscript/fileName/Rotate.cs: 0640615e68ae415c8adb0535396b225d -> 
  custom:scripting/monoscript/fileName/SpriteUtilityWindow.cs: 4827aafd0c4d893166845eac1266c4ed -> 
  custom:scripting/monoscript/fileName/SpriteFrameModuleBase.cs: 82472910b376b3c28a6f5b31b28f5f51 -> 
  custom:scripting/monoscript/fileName/PlayerMove.cs: e1b5b1ca7ac5e05a4b47501120527237 -> 
  custom:scripting/monoscript/fileName/SelfDestruct.cs: c475b0b8d708de80fa1ed2a6b376ae19 -> 
  custom:scripting/monoscript/fileName/DamageScreen.cs: 5426b96a61dff56d771c8d081622e42f -> 
  custom:scripting/monoscript/fileName/SpriteFrameModuleView.cs: f07011b3ec3622062bef733dc29fedf0 -> 
========================================================================
Received Import Request.
  Time since last request: 16.289857 seconds.
  path: Assets/Assets/Scripts/BoatMovement1/Managers/Waves
  artifactKey: Guid(f0bd569ffb1fdf24bb8a4d0da9be6673) Importer(815301076,1909f56bfc062723c751e8b465ee728b)
Start importing Assets/Assets/Scripts/BoatMovement1/Managers/Waves using Guid(f0bd569ffb1fdf24bb8a4d0da9be6673) Importer(815301076,1909f56bfc062723c751e8b465ee728b)  -> (artifact id: 'ea0f8f938503728748402b23f6e49a31') in 0.002846 seconds
Number of updated asset objects reloaded before import = 0
Number of asset objects unloaded after import = 0
========================================================================
Received Import Request.
  Time since last request: 7.105951 seconds.
  path: Assets/Assets/Scripts/BoatMovement1/Managers/Waves/WaveManager.cs
  artifactKey: Guid(b8b6a5eb5883ac548897c713a31714b7) Importer(815301076,1909f56bfc062723c751e8b465ee728b)
Start importing Assets/Assets/Scripts/BoatMovement1/Managers/Waves/WaveManager.cs using Guid(b8b6a5eb5883ac548897c713a31714b7) Importer(815301076,1909f56bfc062723c751e8b465ee728b)  -> (artifact id: 'c0fe71a2b7c92eabf960368b14e46358') in 0.000917 seconds
Number of updated asset objects reloaded before import = 0
Number of asset objects unloaded after import = 0
========================================================================
Received Prepare
Begin MonoManager ReloadAssembly
- Loaded All Assemblies, in  1.608 seconds
Refreshing native plugins compatible for Editor in 4.24 ms, found 3 plugins.
Native extension for UWP target not found
Native extension for WindowsStandalone target not found
Native extension for iOS target not found
Native extension for Android target not found
Native extension for WebGL target not found
[Package Manager] Server::EnsureServerProcessIsRunning -- launch failed, reason: Unity was launched with the -noUpm command-line argument
[Package Manager] UpmClient::Send -- Unable to send message (not connected to UPM process).
[Package Manager] Cannot connect to Unity Package Manager local server
Mono: successfully reloaded assembly
- Finished resetting the current domain, in  2.653 seconds
Domain Reload Profiling: 4256ms
	BeginReloadAssembly (367ms)
		ExecutionOrderSort (0ms)
		DisableScriptedObjects (10ms)
		BackupInstance (0ms)
		ReleaseScriptingObjects (0ms)
		CreateAndSetChildDomain (53ms)
	RebuildCommonClasses (259ms)
	RebuildNativeTypeToScriptingClass (22ms)
	initialDomainReloadingComplete (68ms)
	LoadAllAssembliesAndSetupDomain (884ms)
		LoadAssemblies (1007ms)
		RebuildTransferFunctionScriptingTraits (0ms)
		AnalyzeDomain (116ms)
			TypeCache.Refresh (71ms)
				TypeCache.ScanAssembly (0ms)
			ScanForSourceGeneratedMonoScriptInfo (32ms)
			ResolveRequiredComponents (9ms)
	FinalizeReload (2655ms)
		ReleaseScriptCaches (0ms)
		RebuildScriptCaches (0ms)
		SetupLoadedEditorAssemblies (1380ms)
			LogAssemblyErrors (0ms)
			InitializePlatformSupportModulesInManaged (128ms)
			SetLoadedEditorAssemblies (33ms)
			RefreshPlugins (0ms)
			BeforeProcessingInitializeOnLoad (210ms)
			ProcessInitializeOnLoadAttributes (927ms)
			ProcessInitializeOnLoadMethodAttributes (58ms)
			AfterProcessingInitializeOnLoad (25ms)
			EditorAssembliesLoaded (0ms)
		ExecutionOrderSort2 (0ms)
		AwakeInstancesAfterBackupRestoration (22ms)
Refreshing native plugins compatible for Editor in 3.12 ms, found 3 plugins.
Preloading 0 native plugins for Editor in 0.00 ms.
Unloading 3075 Unused Serialized files (Serialized files now loaded: 0)
Unloading 22 unused Assets / (30.6 KB). Loaded Objects now: 3618.
Memory consumption went from 119.1 MB to 119.0 MB.
Total: 5.963400 ms (FindLiveObjects: 0.551100 ms CreateObjectMapping: 0.533400 ms MarkObjects: 4.648400 ms  DeleteObjects: 0.228400 ms)

Prepare: number of updated asset objects reloaded= 0
AssetImportParameters requested are different than current active one (requested -> active):
  custom:scripting/monoscript/fileName/Pistol.cs: 66289aa18d62a6128d9802144d35e825 -> 
  custom:scripting/monoscript/fileName/LootBullets.cs: 61befb4d2ce282d51d744ca094f266b3 -> 
  custom:container-demuxer-ogg: 62fdf1f143b41e24485cea50d1cbac27 -> 
  custom:scripting/monoscript/fileName/SpriteEditorWindow.cs: 1629bd700639d5abf7ee9c1a15128fda -> 
  custom:scripting/monoscript/fileName/SpriteRect.cs: 8da6d12a5fbd75a0eba31cfa62842428 -> 
  custom:scripting/monoscript/fileName/PlayerArmory.cs: 72b8be74aa198932918672e5b2d1c3ea -> 
  custom:scripting/monoscript/fileName/Menu.cs: 6a6b6f10406332b78ded19ddc96541c7 -> 
  custom:scripting/monoscript/fileName/GameManager.cs: 9933fbcc6190e2a9171c2ec8808a053e -> 
  custom:scripting/monoscript/fileName/SoundManager.cs: 97b8b7f19e31a376baf624982cbfe12a -> 
  custom:scripting/monoscript/fileName/ISpriteEditorModule.cs: f35f8b8d39dcfd448fbbe9ea48566c2f -> 
  custom:scripting/monoscript/fileName/Hen.cs: 0717be46ddae3255e9a66e010e912baa -> 
  custom:scripting/monoscript/fileName/TakeDamageOnTrigger.cs: c431a7ee411ec1687e977f029f04fc14 -> 
  custom:scripting/monoscript/fileName/PrefabCreator.cs: 456abbe3eb45d979e3eb9a2c51803681 -> 
  custom:video-decoder-ogg-theora: a1e56fd34408186e4bbccfd4996cb3dc -> 
  custom:scripting/monoscript/fileName/MenuItems.cs: 3ea3522373e3b4d2ef39113c39531efd -> 
  custom:scripting/monoscript/fileName/Pointer.cs: d7f1f9138c5a08fb2eb7d9961697bfe7 -> 
  custom:scripting/monoscript/fileName/DefaultSpriteNameFileIdDataProvider.cs: cd965ed390b21ec0302c3211a9f903ff -> 
  custom:framework-win-MediaFoundation: 216162199b28c13a410421893ffa2e32 -> 
  custom:scripting/monoscript/fileName/ShapeEditor.cs: 7eba0c642af179a392c34e527393b30b -> 
  custom:scripting/monoscript/fileName/BatchPrefabCreator.cs: 3a5a0e4c54d125c34c7cf7bf204fff66 -> 
  custom:scripting/monoscript/fileName/Gun.cs: 7d05faef1ad0b187da47b70860e6ba9a -> 
  custom:scripting/monoscript/fileName/EnemyHealth.cs: a4d027726692f4f1a1dc379aafbb87e2 -> 
  custom:scripting/monoscript/fileName/SpritePolygonModeModule.cs: 8b4aa126b968b0772b9e20476364e690 -> 
  custom:scripting/monoscript/fileName/ItemCreationUtility.cs: d1c4ddba747ed633116f555c0d69ace7 -> 
  custom:scripting/monoscript/fileName/RotateToTargetEuler.cs: 3c25a53a8109c759f80f1da73db6dd52 -> 
  custom:scripting/monoscript/fileName/TakeDamageOnCollision.cs: acc97693ea9e5ea837a7218b4afb93b0 -> 
  custom:scripting/monoscript/fileName/ActivateByDistance.cs: 734949179646c69c8b32c1848b06046d -> 
  custom:CustomObjectIndexerAttribute: 756ad292c208cfabdd7b50bc23989ffe -> 
  custom:scripting/monoscript/fileName/SetTriggerEveryNSeconds.cs: 12c24bf03fc307e59d34ac40c9aa159f -> 
  custom:scripting/monoscript/fileName/RayGizmo.cs: 224f479f6ddf0dbe6c4f51b910d39946 -> 
  custom:scripting/monoscript/fileName/SpriteEditorHandles.cs: 8b78502b9b56b3c556563a6e935b52ad -> 
  custom:scripting/monoscript/fileName/ChargeIcon.cs: 283102bca38cd0be80d00643b3127366 -> 
  custom:container-demuxer-webm: 4f35f7cbe854078d1ac9338744f61a02 -> 
  custom:scripting/monoscript/fileName/Walker.cs: 7d5611d0bf86c6a16ba258d07f8dbaec -> 
  custom:scripting/monoscript/fileName/EventsArray.cs: c533851b67810d6e0c5d80968905121c -> 
  custom:scripting/monoscript/fileName/MakeDamageOnTrigger.cs: d6341046a6cf053218da763953401c19 -> 
  custom:scripting/monoscript/fileName/SpriteNameFileIdPair.cs: 8dab74045e538d5698ea3c4caed3e48c -> 
  custom:scripting/monoscript/fileName/IGL.cs: 8903f8a1304142ec1aefe33b7a4db28c -> 
  custom:scripting/monoscript/fileName/JumpGun.cs: 43d1f7baff6fd5cbb745cc84f9369f18 -> 
  custom:scripting/monoscript/fileName/SpritePhysicsShapeModule.cs: 35688b9e178698712b557d50761dc7c2 -> 
  custom:scripting/monoscript/fileName/ITexture.cs: dbb4c87e1c028ce779185d5d3d566460 -> 
  custom:scripting/monoscript/fileName/Carrot.cs: e4acc89e4f0644f074ecee6904082512 -> 
  custom:scripting/monoscript/fileName/TimeManager.cs: ee896401883365d64d0753163ba65eb8 -> 
  custom:container-muxer-webm: aa71ff27fc2769a1b78a27578f13a17b -> 
  custom:scripting/monoscript/fileName/IEvent.cs: c25d501578d8ebe48d7b30415b0df4c5 -> 
  custom:video-decoder-webm-vp8: 9c59270c3fd7afecdb556c50c9e8de78 -> 
  custom:scripting/monoscript/fileName/SpriteOutlineModule.cs: 249fecf584323de7d2fd0b14e9a4944c -> 
  custom:scripting/monoscript/fileName/Blink.cs: b9fd39b54b16a9ec65c57f4056a88cf9 -> 
  custom:SearchIndexIgnoredProperties: e643bd26f0fe6173181afceb89e7c659 -> 
  custom:scripting/monoscript/fileName/Automat.cs: e4b38d3060dd058ca0d02f4d08ab9afe -> 
  custom:AudioImporter_EditorPlatform: d09bf68614088b80899f8185d706f6e7 -> 
  custom:scripting/monoscript/fileName/SpriteEditorUtility.cs: 7e2d1f2cb427fd67c5461f9431375c3a -> 
  custom:scripting/monoscript/fileName/SpriteSecondaryTexturesModule.cs: 8f361de5bdfd731e220c415240ad033f -> 
  custom:scripting/monoscript/fileName/Activator.cs: 9fab02d4a385fb5fbcec9e678f4ac55d -> 
  custom:scripting/monoscript/fileName/PlayerHealth.cs: 49f415306e52895faa0b0a35d62e54a1 -> 
  custom:scripting/monoscript/fileName/IGUIUtility.cs: cad79017f17454feb4e1799b1c42f87c -> 
  custom:scripting/monoscript/fileName/IHandles.cs: d2780a18a3844e49d490d68d5cb3d26a -> 
  custom:scripting/monoscript/fileName/RotateToPlayer.cs: 9d2403b98c14fc4c180fdb01b53bbded -> 
  custom:scripting/monoscript/fileName/TextureImporterDataProvider.cs: d68f5d5325387f4e38fdcf2610c72ce3 -> 
  custom:scripting/monoscript/fileName/Head.cs: a23c654dc8f9bb9d5d2cf983200d10c7 -> 
  custom:scripting/monoscript/fileName/SpriteEditorMenu.cs: f9042f312a91c162ede0d5de48225240 -> 
  custom:scripting/monoscript/fileName/Follow.cs: 04d7b2a4d28d75b3f1c1084a58bf5a59 -> 
  custom:scripting/monoscript/fileName/ISpriteEditorDataProvider.cs: 4c01add71bf03a3e1afff21bbd534ee9 -> 
  custom:scripting/monoscript/fileName/IUndoSystem.cs: 841a069a843e48d57d362ca08bca21d4 -> 
  custom:scripting/monoscript/fileName/SpritePolygonModeModuleView.cs: db8ddbee5a89c636987047f4602001ef -> 
  custom:scripting/monoscript/fileName/SpriteEditorData.cs: 79e0d970ecf11ef3020398e38672548f -> 
  custom:scripting/monoscript/fileName/ButtonAnimation.cs: 9ce2e6d788c20b190ba1416234fc8783 -> 
  custom:video-encoder-webm-vp8: eb34c28f22e8b96e1ab97ce403110664 -> 
  custom:audio-decoder-ogg-vorbis: bf7c407c2cedff20999df2af8eb42d56 -> 
  custom:scripting/monoscript/fileName/SpriteEditorWindowSettings.cs: 8e59c26ada2085b3ebaa83fd01af70e3 -> 
  custom:scripting/monoscript/fileName/SpriteFrameModuleBaseView.cs: 72abaa53c3c1184e23d4d9a45f62d8c2 -> 
  custom:scripting/monoscript/fileName/Bullet.cs: a4f5918e799041ba1f6608f13912eb8b -> 
  custom:scripting/monoscript/fileName/IAssetDatabase.cs: c40b958675a6cd5b519fa6ca497fede4 -> 
  custom:scripting/monoscript/fileName/SpriteFrameModule.cs: f07011b3ec3622062bef733dc29fedf0 -> 
  custom:scripting/monoscript/fileName/ShapeEditorRectSelection.cs: 1696d724b33ef6168949bbdce78d19c6 -> 
  custom:scripting/monoscript/fileName/MakeDamageOnCollision.cs: c891a89eb5a65e98845e1237a768e523 -> 
  custom:scripting/monoscript/fileName/TextureImporterDataProviderImplementation.cs: ffb9fda6ca225aa106e9fa84455f4e60 -> 
  custom:scripting/monoscript/fileName/LootHeal.cs: d242dead9ab382370dfbc718a5fa7782 -> 
  custom:scripting/monoscript/fileName/Acorn.cs: 6d31e9898c93ab5da12ae36ad800cd04 -> 
  custom:scripting/monoscript/fileName/HealthUI.cs: e5730cd433ba33635704a2f91c7245cc -> 
  custom:scripting/monoscript/fileName/Rocket.cs: c89f140985a71d5c067121f5cdce5fde -> 
  custom:audio-encoder-webm-vorbis: bf7c407c2cedff20999df2af8eb42d56 -> 
  custom:scripting/monoscript/fileName/Rotate.cs: 0640615e68ae415c8adb0535396b225d -> 
  custom:scripting/monoscript/fileName/SpriteUtilityWindow.cs: 4827aafd0c4d893166845eac1266c4ed -> 
  custom:scripting/monoscript/fileName/SpriteFrameModuleBase.cs: 82472910b376b3c28a6f5b31b28f5f51 -> 
  custom:scripting/monoscript/fileName/PlayerMove.cs: e1b5b1ca7ac5e05a4b47501120527237 -> 
  custom:scripting/monoscript/fileName/SelfDestruct.cs: c475b0b8d708de80fa1ed2a6b376ae19 -> 
  custom:scripting/monoscript/fileName/DamageScreen.cs: 5426b96a61dff56d771c8d081622e42f -> 
  custom:scripting/monoscript/fileName/SpriteFrameModuleView.cs: f07011b3ec3622062bef733dc29fedf0 -> 
========================================================================
Received Import Request.
  Time since last request: 11.172879 seconds.
  path: Assets/Assets/Scripts/BoatMovement1/Managers/Waves/WaveManager.cs
  artifactKey: Guid(b8b6a5eb5883ac548897c713a31714b7) Importer(815301076,1909f56bfc062723c751e8b465ee728b)
Start importing Assets/Assets/Scripts/BoatMovement1/Managers/Waves/WaveManager.cs using Guid(b8b6a5eb5883ac548897c713a31714b7) Importer(815301076,1909f56bfc062723c751e8b465ee728b)  -> (artifact id: '64e5f368dfbd661b4694c8c988fa0a6a') in 0.003046 seconds
Number of updated asset objects reloaded before import = 0
Number of asset objects unloaded after import = 0
========================================================================
Received Prepare
Begin MonoManager ReloadAssembly
- Loaded All Assemblies, in  0.733 seconds
Refreshing native plugins compatible for Editor in 2.88 ms, found 3 plugins.
Native extension for UWP target not found
Native extension for WindowsStandalone target not found
Native extension for iOS target not found
Native extension for Android target not found
Native extension for WebGL target not found
[Package Manager] Server::EnsureServerProcessIsRunning -- launch failed, reason: Unity was launched with the -noUpm command-line argument
[Package Manager] UpmClient::Send -- Unable to send message (not connected to UPM process).
[Package Manager] Cannot connect to Unity Package Manager local server
Mono: successfully reloaded assembly
- Finished resetting the current domain, in  1.224 seconds
Domain Reload Profiling: 1951ms
	BeginReloadAssembly (259ms)
		ExecutionOrderSort (0ms)
		DisableScriptedObjects (10ms)
		BackupInstance (0ms)
		ReleaseScriptingObjects (0ms)
		CreateAndSetChildDomain (58ms)
	RebuildCommonClasses (78ms)
	RebuildNativeTypeToScriptingClass (22ms)
	initialDomainReloadingComplete (56ms)
	LoadAllAssembliesAndSetupDomain (311ms)
		LoadAssemblies (427ms)
		RebuildTransferFunctionScriptingTraits (0ms)
		AnalyzeDomain (31ms)
			TypeCache.Refresh (12ms)
				TypeCache.ScanAssembly (0ms)
			ScanForSourceGeneratedMonoScriptInfo (9ms)
			ResolveRequiredComponents (8ms)
	FinalizeReload (1224ms)
		ReleaseScriptCaches (0ms)
		RebuildScriptCaches (0ms)
		SetupLoadedEditorAssemblies (488ms)
			LogAssemblyErrors (0ms)
			InitializePlatformSupportModulesInManaged (65ms)
			SetLoadedEditorAssemblies (6ms)
			RefreshPlugins (0ms)
			BeforeProcessingInitializeOnLoad (74ms)
			ProcessInitializeOnLoadAttributes (312ms)
			ProcessInitializeOnLoadMethodAttributes (22ms)
			AfterProcessingInitializeOnLoad (9ms)
			EditorAssembliesLoaded (0ms)
		ExecutionOrderSort2 (0ms)
		AwakeInstancesAfterBackupRestoration (9ms)
Refreshing native plugins compatible for Editor in 2.84 ms, found 3 plugins.
Preloading 0 native plugins for Editor in 0.00 ms.
Unloading 3075 Unused Serialized files (Serialized files now loaded: 0)
Unloading 22 unused Assets / (30.6 KB). Loaded Objects now: 3621.
Memory consumption went from 119.1 MB to 119.0 MB.
Total: 3.976400 ms (FindLiveObjects: 0.270000 ms CreateObjectMapping: 0.252400 ms MarkObjects: 3.381700 ms  DeleteObjects: 0.070900 ms)

Prepare: number of updated asset objects reloaded= 0
AssetImportParameters requested are different than current active one (requested -> active):
  custom:scripting/monoscript/fileName/Pistol.cs: 66289aa18d62a6128d9802144d35e825 -> 
  custom:scripting/monoscript/fileName/LootBullets.cs: 61befb4d2ce282d51d744ca094f266b3 -> 
  custom:container-demuxer-ogg: 62fdf1f143b41e24485cea50d1cbac27 -> 
  custom:scripting/monoscript/fileName/SpriteEditorWindow.cs: 1629bd700639d5abf7ee9c1a15128fda -> 
  custom:scripting/monoscript/fileName/SpriteRect.cs: 8da6d12a5fbd75a0eba31cfa62842428 -> 
  custom:scripting/monoscript/fileName/PlayerArmory.cs: 72b8be74aa198932918672e5b2d1c3ea -> 
  custom:scripting/monoscript/fileName/Menu.cs: 6a6b6f10406332b78ded19ddc96541c7 -> 
  custom:scripting/monoscript/fileName/GameManager.cs: 9933fbcc6190e2a9171c2ec8808a053e -> 
  custom:scripting/monoscript/fileName/SoundManager.cs: 97b8b7f19e31a376baf624982cbfe12a -> 
  custom:scripting/monoscript/fileName/ISpriteEditorModule.cs: f35f8b8d39dcfd448fbbe9ea48566c2f -> 
  custom:scripting/monoscript/fileName/Hen.cs: 0717be46ddae3255e9a66e010e912baa -> 
  custom:scripting/monoscript/fileName/TakeDamageOnTrigger.cs: c431a7ee411ec1687e977f029f04fc14 -> 
  custom:scripting/monoscript/fileName/PrefabCreator.cs: 456abbe3eb45d979e3eb9a2c51803681 -> 
  custom:video-decoder-ogg-theora: a1e56fd34408186e4bbccfd4996cb3dc -> 
  custom:scripting/monoscript/fileName/MenuItems.cs: 3ea3522373e3b4d2ef39113c39531efd -> 
  custom:scripting/monoscript/fileName/Pointer.cs: d7f1f9138c5a08fb2eb7d9961697bfe7 -> 
  custom:scripting/monoscript/fileName/DefaultSpriteNameFileIdDataProvider.cs: cd965ed390b21ec0302c3211a9f903ff -> 
  custom:framework-win-MediaFoundation: 216162199b28c13a410421893ffa2e32 -> 
  custom:scripting/monoscript/fileName/ShapeEditor.cs: 7eba0c642af179a392c34e527393b30b -> 
  custom:scripting/monoscript/fileName/BatchPrefabCreator.cs: 3a5a0e4c54d125c34c7cf7bf204fff66 -> 
  custom:scripting/monoscript/fileName/Gun.cs: 7d05faef1ad0b187da47b70860e6ba9a -> 
  custom:scripting/monoscript/fileName/EnemyHealth.cs: a4d027726692f4f1a1dc379aafbb87e2 -> 
  custom:scripting/monoscript/fileName/SpritePolygonModeModule.cs: 8b4aa126b968b0772b9e20476364e690 -> 
  custom:scripting/monoscript/fileName/ItemCreationUtility.cs: d1c4ddba747ed633116f555c0d69ace7 -> 
  custom:scripting/monoscript/fileName/RotateToTargetEuler.cs: 3c25a53a8109c759f80f1da73db6dd52 -> 
  custom:scripting/monoscript/fileName/TakeDamageOnCollision.cs: acc97693ea9e5ea837a7218b4afb93b0 -> 
  custom:scripting/monoscript/fileName/ActivateByDistance.cs: 734949179646c69c8b32c1848b06046d -> 
  custom:CustomObjectIndexerAttribute: 756ad292c208cfabdd7b50bc23989ffe -> 
  custom:scripting/monoscript/fileName/SetTriggerEveryNSeconds.cs: 12c24bf03fc307e59d34ac40c9aa159f -> 
  custom:scripting/monoscript/fileName/RayGizmo.cs: 224f479f6ddf0dbe6c4f51b910d39946 -> 
  custom:scripting/monoscript/fileName/SpriteEditorHandles.cs: 8b78502b9b56b3c556563a6e935b52ad -> 
  custom:scripting/monoscript/fileName/ChargeIcon.cs: 283102bca38cd0be80d00643b3127366 -> 
  custom:container-demuxer-webm: 4f35f7cbe854078d1ac9338744f61a02 -> 
  custom:scripting/monoscript/fileName/Walker.cs: 7d5611d0bf86c6a16ba258d07f8dbaec -> 
  custom:scripting/monoscript/fileName/EventsArray.cs: c533851b67810d6e0c5d80968905121c -> 
  custom:scripting/monoscript/fileName/MakeDamageOnTrigger.cs: d6341046a6cf053218da763953401c19 -> 
  custom:scripting/monoscript/fileName/SpriteNameFileIdPair.cs: 8dab74045e538d5698ea3c4caed3e48c -> 
  custom:scripting/monoscript/fileName/IGL.cs: 8903f8a1304142ec1aefe33b7a4db28c -> 
  custom:scripting/monoscript/fileName/JumpGun.cs: 43d1f7baff6fd5cbb745cc84f9369f18 -> 
  custom:scripting/monoscript/fileName/SpritePhysicsShapeModule.cs: 35688b9e178698712b557d50761dc7c2 -> 
  custom:scripting/monoscript/fileName/ITexture.cs: dbb4c87e1c028ce779185d5d3d566460 -> 
  custom:scripting/monoscript/fileName/Carrot.cs: e4acc89e4f0644f074ecee6904082512 -> 
  custom:scripting/monoscript/fileName/TimeManager.cs: ee896401883365d64d0753163ba65eb8 -> 
  custom:container-muxer-webm: aa71ff27fc2769a1b78a27578f13a17b -> 
  custom:scripting/monoscript/fileName/IEvent.cs: c25d501578d8ebe48d7b30415b0df4c5 -> 
  custom:video-decoder-webm-vp8: 9c59270c3fd7afecdb556c50c9e8de78 -> 
  custom:scripting/monoscript/fileName/SpriteOutlineModule.cs: 249fecf584323de7d2fd0b14e9a4944c -> 
  custom:scripting/monoscript/fileName/Blink.cs: b9fd39b54b16a9ec65c57f4056a88cf9 -> 
  custom:SearchIndexIgnoredProperties: e643bd26f0fe6173181afceb89e7c659 -> 
  custom:scripting/monoscript/fileName/Automat.cs: e4b38d3060dd058ca0d02f4d08ab9afe -> 
  custom:AudioImporter_EditorPlatform: d09bf68614088b80899f8185d706f6e7 -> 
  custom:scripting/monoscript/fileName/SpriteEditorUtility.cs: 7e2d1f2cb427fd67c5461f9431375c3a -> 
  custom:scripting/monoscript/fileName/SpriteSecondaryTexturesModule.cs: 8f361de5bdfd731e220c415240ad033f -> 
  custom:scripting/monoscript/fileName/Activator.cs: 9fab02d4a385fb5fbcec9e678f4ac55d -> 
  custom:scripting/monoscript/fileName/PlayerHealth.cs: 49f415306e52895faa0b0a35d62e54a1 -> 
  custom:scripting/monoscript/fileName/IGUIUtility.cs: cad79017f17454feb4e1799b1c42f87c -> 
  custom:scripting/monoscript/fileName/IHandles.cs: d2780a18a3844e49d490d68d5cb3d26a -> 
  custom:scripting/monoscript/fileName/RotateToPlayer.cs: 9d2403b98c14fc4c180fdb01b53bbded -> 
  custom:scripting/monoscript/fileName/TextureImporterDataProvider.cs: d68f5d5325387f4e38fdcf2610c72ce3 -> 
  custom:scripting/monoscript/fileName/Head.cs: a23c654dc8f9bb9d5d2cf983200d10c7 -> 
  custom:scripting/monoscript/fileName/SpriteEditorMenu.cs: f9042f312a91c162ede0d5de48225240 -> 
  custom:scripting/monoscript/fileName/Follow.cs: 04d7b2a4d28d75b3f1c1084a58bf5a59 -> 
  custom:scripting/monoscript/fileName/ISpriteEditorDataProvider.cs: 4c01add71bf03a3e1afff21bbd534ee9 -> 
  custom:scripting/monoscript/fileName/IUndoSystem.cs: 841a069a843e48d57d362ca08bca21d4 -> 
  custom:scripting/monoscript/fileName/SpritePolygonModeModuleView.cs: db8ddbee5a89c636987047f4602001ef -> 
  custom:scripting/monoscript/fileName/SpriteEditorData.cs: 79e0d970ecf11ef3020398e38672548f -> 
  custom:scripting/monoscript/fileName/ButtonAnimation.cs: 9ce2e6d788c20b190ba1416234fc8783 -> 
  custom:video-encoder-webm-vp8: eb34c28f22e8b96e1ab97ce403110664 -> 
  custom:audio-decoder-ogg-vorbis: bf7c407c2cedff20999df2af8eb42d56 -> 
  custom:scripting/monoscript/fileName/SpriteEditorWindowSettings.cs: 8e59c26ada2085b3ebaa83fd01af70e3 -> 
  custom:scripting/monoscript/fileName/SpriteFrameModuleBaseView.cs: 72abaa53c3c1184e23d4d9a45f62d8c2 -> 
  custom:scripting/monoscript/fileName/Bullet.cs: a4f5918e799041ba1f6608f13912eb8b -> 
  custom:scripting/monoscript/fileName/IAssetDatabase.cs: c40b958675a6cd5b519fa6ca497fede4 -> 
  custom:scripting/monoscript/fileName/SpriteFrameModule.cs: f07011b3ec3622062bef733dc29fedf0 -> 
  custom:scripting/monoscript/fileName/ShapeEditorRectSelection.cs: 1696d724b33ef6168949bbdce78d19c6 -> 
  custom:scripting/monoscript/fileName/MakeDamageOnCollision.cs: c891a89eb5a65e98845e1237a768e523 -> 
  custom:scripting/monoscript/fileName/TextureImporterDataProviderImplementation.cs: ffb9fda6ca225aa106e9fa84455f4e60 -> 
  custom:scripting/monoscript/fileName/LootHeal.cs: d242dead9ab382370dfbc718a5fa7782 -> 
  custom:scripting/monoscript/fileName/Acorn.cs: 6d31e9898c93ab5da12ae36ad800cd04 -> 
  custom:scripting/monoscript/fileName/HealthUI.cs: e5730cd433ba33635704a2f91c7245cc -> 
  custom:scripting/monoscript/fileName/Rocket.cs: c89f140985a71d5c067121f5cdce5fde -> 
  custom:audio-encoder-webm-vorbis: bf7c407c2cedff20999df2af8eb42d56 -> 
  custom:scripting/monoscript/fileName/Rotate.cs: 0640615e68ae415c8adb0535396b225d -> 
  custom:scripting/monoscript/fileName/SpriteUtilityWindow.cs: 4827aafd0c4d893166845eac1266c4ed -> 
  custom:scripting/monoscript/fileName/SpriteFrameModuleBase.cs: 82472910b376b3c28a6f5b31b28f5f51 -> 
  custom:scripting/monoscript/fileName/PlayerMove.cs: e1b5b1ca7ac5e05a4b47501120527237 -> 
  custom:scripting/monoscript/fileName/SelfDestruct.cs: c475b0b8d708de80fa1ed2a6b376ae19 -> 
  custom:scripting/monoscript/fileName/DamageScreen.cs: 5426b96a61dff56d771c8d081622e42f -> 
  custom:scripting/monoscript/fileName/SpriteFrameModuleView.cs: f07011b3ec3622062bef733dc29fedf0 -> 
========================================================================
Received Import Request.
  Time since last request: 333.788640 seconds.
  path: Assets/Assets/Scripts/BoatMovement1/Managers/Waves/WaveManager.cs
  artifactKey: Guid(b8b6a5eb5883ac548897c713a31714b7) Importer(815301076,1909f56bfc062723c751e8b465ee728b)
Start importing Assets/Assets/Scripts/BoatMovement1/Managers/Waves/WaveManager.cs using Guid(b8b6a5eb5883ac548897c713a31714b7) Importer(815301076,1909f56bfc062723c751e8b465ee728b)  -> (artifact id: '8b4514c17058e1cd9d1b137ca7524fe5') in 0.004809 seconds
Number of updated asset objects reloaded before import = 0
Number of asset objects unloaded after import = 0
========================================================================
Received Prepare
Begin MonoManager ReloadAssembly
- Loaded All Assemblies, in  0.681 seconds
Refreshing native plugins compatible for Editor in 3.06 ms, found 3 plugins.
Native extension for UWP target not found
Native extension for WindowsStandalone target not found
Native extension for iOS target not found
Native extension for Android target not found
Native extension for WebGL target not found
[Package Manager] Server::EnsureServerProcessIsRunning -- launch failed, reason: Unity was launched with the -noUpm command-line argument
[Package Manager] UpmClient::Send -- Unable to send message (not connected to UPM process).
[Package Manager] Cannot connect to Unity Package Manager local server
Mono: successfully reloaded assembly
- Finished resetting the current domain, in  1.874 seconds
Domain Reload Profiling: 2554ms
	BeginReloadAssembly (245ms)
		ExecutionOrderSort (0ms)
		DisableScriptedObjects (12ms)
		BackupInstance (0ms)
		ReleaseScriptingObjects (0ms)
		CreateAndSetChildDomain (44ms)
	RebuildCommonClasses (60ms)
	RebuildNativeTypeToScriptingClass (24ms)
	initialDomainReloadingComplete (53ms)
	LoadAllAssembliesAndSetupDomain (295ms)
		LoadAssemblies (418ms)
		RebuildTransferFunctionScriptingTraits (0ms)
		AnalyzeDomain (20ms)
			TypeCache.Refresh (9ms)
				TypeCache.ScanAssembly (0ms)
			ScanForSourceGeneratedMonoScriptInfo (0ms)
			ResolveRequiredComponents (8ms)
	FinalizeReload (1877ms)
		ReleaseScriptCaches (0ms)
		RebuildScriptCaches (0ms)
		SetupLoadedEditorAssemblies (1069ms)
			LogAssemblyErrors (0ms)
			InitializePlatformSupportModulesInManaged (117ms)
			SetLoadedEditorAssemblies (6ms)
			RefreshPlugins (0ms)
			BeforeProcessingInitializeOnLoad (148ms)
			ProcessInitializeOnLoadAttributes (718ms)
			ProcessInitializeOnLoadMethodAttributes (58ms)
			AfterProcessingInitializeOnLoad (21ms)
			EditorAssembliesLoaded (0ms)
		ExecutionOrderSort2 (0ms)
		AwakeInstancesAfterBackupRestoration (21ms)
Refreshing native plugins compatible for Editor in 5.46 ms, found 3 plugins.
Preloading 0 native plugins for Editor in 0.00 ms.
Unloading 3075 Unused Serialized files (Serialized files now loaded: 0)
Unloading 22 unused Assets / (30.6 KB). Loaded Objects now: 3624.
Memory consumption went from 119.1 MB to 119.0 MB.
Total: 6.426000 ms (FindLiveObjects: 0.337400 ms CreateObjectMapping: 0.267200 ms MarkObjects: 5.629000 ms  DeleteObjects: 0.189500 ms)

Prepare: number of updated asset objects reloaded= 0
AssetImportParameters requested are different than current active one (requested -> active):
  custom:scripting/monoscript/fileName/Pistol.cs: 66289aa18d62a6128d9802144d35e825 -> 
  custom:scripting/monoscript/fileName/LootBullets.cs: 61befb4d2ce282d51d744ca094f266b3 -> 
  custom:container-demuxer-ogg: 62fdf1f143b41e24485cea50d1cbac27 -> 
  custom:scripting/monoscript/fileName/SpriteEditorWindow.cs: 1629bd700639d5abf7ee9c1a15128fda -> 
  custom:scripting/monoscript/fileName/SpriteRect.cs: 8da6d12a5fbd75a0eba31cfa62842428 -> 
  custom:scripting/monoscript/fileName/PlayerArmory.cs: 72b8be74aa198932918672e5b2d1c3ea -> 
  custom:scripting/monoscript/fileName/Menu.cs: 6a6b6f10406332b78ded19ddc96541c7 -> 
  custom:scripting/monoscript/fileName/GameManager.cs: 9933fbcc6190e2a9171c2ec8808a053e -> 
  custom:scripting/monoscript/fileName/SoundManager.cs: 97b8b7f19e31a376baf624982cbfe12a -> 
  custom:scripting/monoscript/fileName/ISpriteEditorModule.cs: f35f8b8d39dcfd448fbbe9ea48566c2f -> 
  custom:scripting/monoscript/fileName/Hen.cs: 0717be46ddae3255e9a66e010e912baa -> 
  custom:scripting/monoscript/fileName/TakeDamageOnTrigger.cs: c431a7ee411ec1687e977f029f04fc14 -> 
  custom:scripting/monoscript/fileName/PrefabCreator.cs: 456abbe3eb45d979e3eb9a2c51803681 -> 
  custom:video-decoder-ogg-theora: a1e56fd34408186e4bbccfd4996cb3dc -> 
  custom:scripting/monoscript/fileName/MenuItems.cs: 3ea3522373e3b4d2ef39113c39531efd -> 
  custom:scripting/monoscript/fileName/Pointer.cs: d7f1f9138c5a08fb2eb7d9961697bfe7 -> 
  custom:scripting/monoscript/fileName/DefaultSpriteNameFileIdDataProvider.cs: cd965ed390b21ec0302c3211a9f903ff -> 
  custom:framework-win-MediaFoundation: 216162199b28c13a410421893ffa2e32 -> 
  custom:scripting/monoscript/fileName/ShapeEditor.cs: 7eba0c642af179a392c34e527393b30b -> 
  custom:scripting/monoscript/fileName/BatchPrefabCreator.cs: 3a5a0e4c54d125c34c7cf7bf204fff66 -> 
  custom:scripting/monoscript/fileName/Gun.cs: 7d05faef1ad0b187da47b70860e6ba9a -> 
  custom:scripting/monoscript/fileName/EnemyHealth.cs: a4d027726692f4f1a1dc379aafbb87e2 -> 
  custom:scripting/monoscript/fileName/SpritePolygonModeModule.cs: 8b4aa126b968b0772b9e20476364e690 -> 
  custom:scripting/monoscript/fileName/ItemCreationUtility.cs: d1c4ddba747ed633116f555c0d69ace7 -> 
  custom:scripting/monoscript/fileName/RotateToTargetEuler.cs: 3c25a53a8109c759f80f1da73db6dd52 -> 
  custom:scripting/monoscript/fileName/TakeDamageOnCollision.cs: acc97693ea9e5ea837a7218b4afb93b0 -> 
  custom:scripting/monoscript/fileName/ActivateByDistance.cs: 734949179646c69c8b32c1848b06046d -> 
  custom:CustomObjectIndexerAttribute: 756ad292c208cfabdd7b50bc23989ffe -> 
  custom:scripting/monoscript/fileName/SetTriggerEveryNSeconds.cs: 12c24bf03fc307e59d34ac40c9aa159f -> 
  custom:scripting/monoscript/fileName/RayGizmo.cs: 224f479f6ddf0dbe6c4f51b910d39946 -> 
  custom:scripting/monoscript/fileName/SpriteEditorHandles.cs: 8b78502b9b56b3c556563a6e935b52ad -> 
  custom:scripting/monoscript/fileName/ChargeIcon.cs: 283102bca38cd0be80d00643b3127366 -> 
  custom:container-demuxer-webm: 4f35f7cbe854078d1ac9338744f61a02 -> 
  custom:scripting/monoscript/fileName/Walker.cs: 7d5611d0bf86c6a16ba258d07f8dbaec -> 
  custom:scripting/monoscript/fileName/EventsArray.cs: c533851b67810d6e0c5d80968905121c -> 
  custom:scripting/monoscript/fileName/MakeDamageOnTrigger.cs: d6341046a6cf053218da763953401c19 -> 
  custom:scripting/monoscript/fileName/SpriteNameFileIdPair.cs: 8dab74045e538d5698ea3c4caed3e48c -> 
  custom:scripting/monoscript/fileName/IGL.cs: 8903f8a1304142ec1aefe33b7a4db28c -> 
  custom:scripting/monoscript/fileName/JumpGun.cs: 43d1f7baff6fd5cbb745cc84f9369f18 -> 
  custom:scripting/monoscript/fileName/SpritePhysicsShapeModule.cs: 35688b9e178698712b557d50761dc7c2 -> 
  custom:scripting/monoscript/fileName/ITexture.cs: dbb4c87e1c028ce779185d5d3d566460 -> 
  custom:scripting/monoscript/fileName/Carrot.cs: e4acc89e4f0644f074ecee6904082512 -> 
  custom:scripting/monoscript/fileName/TimeManager.cs: ee896401883365d64d0753163ba65eb8 -> 
  custom:container-muxer-webm: aa71ff27fc2769a1b78a27578f13a17b -> 
  custom:scripting/monoscript/fileName/IEvent.cs: c25d501578d8ebe48d7b30415b0df4c5 -> 
  custom:video-decoder-webm-vp8: 9c59270c3fd7afecdb556c50c9e8de78 -> 
  custom:scripting/monoscript/fileName/SpriteOutlineModule.cs: 249fecf584323de7d2fd0b14e9a4944c -> 
  custom:scripting/monoscript/fileName/Blink.cs: b9fd39b54b16a9ec65c57f4056a88cf9 -> 
  custom:SearchIndexIgnoredProperties: e643bd26f0fe6173181afceb89e7c659 -> 
  custom:scripting/monoscript/fileName/Automat.cs: e4b38d3060dd058ca0d02f4d08ab9afe -> 
  custom:AudioImporter_EditorPlatform: d09bf68614088b80899f8185d706f6e7 -> 
  custom:scripting/monoscript/fileName/SpriteEditorUtility.cs: 7e2d1f2cb427fd67c5461f9431375c3a -> 
  custom:scripting/monoscript/fileName/SpriteSecondaryTexturesModule.cs: 8f361de5bdfd731e220c415240ad033f -> 
  custom:scripting/monoscript/fileName/Activator.cs: 9fab02d4a385fb5fbcec9e678f4ac55d -> 
  custom:scripting/monoscript/fileName/PlayerHealth.cs: 49f415306e52895faa0b0a35d62e54a1 -> 
  custom:scripting/monoscript/fileName/IGUIUtility.cs: cad79017f17454feb4e1799b1c42f87c -> 
  custom:scripting/monoscript/fileName/IHandles.cs: d2780a18a3844e49d490d68d5cb3d26a -> 
  custom:scripting/monoscript/fileName/RotateToPlayer.cs: 9d2403b98c14fc4c180fdb01b53bbded -> 
  custom:scripting/monoscript/fileName/TextureImporterDataProvider.cs: d68f5d5325387f4e38fdcf2610c72ce3 -> 
  custom:scripting/monoscript/fileName/Head.cs: a23c654dc8f9bb9d5d2cf983200d10c7 -> 
  custom:scripting/monoscript/fileName/SpriteEditorMenu.cs: f9042f312a91c162ede0d5de48225240 -> 
  custom:scripting/monoscript/fileName/Follow.cs: 04d7b2a4d28d75b3f1c1084a58bf5a59 -> 
  custom:scripting/monoscript/fileName/ISpriteEditorDataProvider.cs: 4c01add71bf03a3e1afff21bbd534ee9 -> 
  custom:scripting/monoscript/fileName/IUndoSystem.cs: 841a069a843e48d57d362ca08bca21d4 -> 
  custom:scripting/monoscript/fileName/SpritePolygonModeModuleView.cs: db8ddbee5a89c636987047f4602001ef -> 
  custom:scripting/monoscript/fileName/SpriteEditorData.cs: 79e0d970ecf11ef3020398e38672548f -> 
  custom:scripting/monoscript/fileName/ButtonAnimation.cs: 9ce2e6d788c20b190ba1416234fc8783 -> 
  custom:video-encoder-webm-vp8: eb34c28f22e8b96e1ab97ce403110664 -> 
  custom:audio-decoder-ogg-vorbis: bf7c407c2cedff20999df2af8eb42d56 -> 
  custom:scripting/monoscript/fileName/SpriteEditorWindowSettings.cs: 8e59c26ada2085b3ebaa83fd01af70e3 -> 
  custom:scripting/monoscript/fileName/SpriteFrameModuleBaseView.cs: 72abaa53c3c1184e23d4d9a45f62d8c2 -> 
  custom:scripting/monoscript/fileName/Bullet.cs: a4f5918e799041ba1f6608f13912eb8b -> 
  custom:scripting/monoscript/fileName/IAssetDatabase.cs: c40b958675a6cd5b519fa6ca497fede4 -> 
  custom:scripting/monoscript/fileName/SpriteFrameModule.cs: f07011b3ec3622062bef733dc29fedf0 -> 
  custom:scripting/monoscript/fileName/ShapeEditorRectSelection.cs: 1696d724b33ef6168949bbdce78d19c6 -> 
  custom:scripting/monoscript/fileName/MakeDamageOnCollision.cs: c891a89eb5a65e98845e1237a768e523 -> 
  custom:scripting/monoscript/fileName/TextureImporterDataProviderImplementation.cs: ffb9fda6ca225aa106e9fa84455f4e60 -> 
  custom:scripting/monoscript/fileName/LootHeal.cs: d242dead9ab382370dfbc718a5fa7782 -> 
  custom:scripting/monoscript/fileName/Acorn.cs: 6d31e9898c93ab5da12ae36ad800cd04 -> 
  custom:scripting/monoscript/fileName/HealthUI.cs: e5730cd433ba33635704a2f91c7245cc -> 
  custom:scripting/monoscript/fileName/Rocket.cs: c89f140985a71d5c067121f5cdce5fde -> 
  custom:audio-encoder-webm-vorbis: bf7c407c2cedff20999df2af8eb42d56 -> 
  custom:scripting/monoscript/fileName/Rotate.cs: 0640615e68ae415c8adb0535396b225d -> 
  custom:scripting/monoscript/fileName/SpriteUtilityWindow.cs: 4827aafd0c4d893166845eac1266c4ed -> 
  custom:scripting/monoscript/fileName/SpriteFrameModuleBase.cs: 82472910b376b3c28a6f5b31b28f5f51 -> 
  custom:scripting/monoscript/fileName/PlayerMove.cs: e1b5b1ca7ac5e05a4b47501120527237 -> 
  custom:scripting/monoscript/fileName/SelfDestruct.cs: c475b0b8d708de80fa1ed2a6b376ae19 -> 
  custom:scripting/monoscript/fileName/DamageScreen.cs: 5426b96a61dff56d771c8d081622e42f -> 
  custom:scripting/monoscript/fileName/SpriteFrameModuleView.cs: f07011b3ec3622062bef733dc29fedf0 -> 
========================================================================
Received Import Request.
  Time since last request: 42.083750 seconds.
  path: Assets/Assets/Scripts/BoatMovement1/Managers/Water
  artifactKey: Guid(845aba4a76c20b84f9dcbad813a1aea5) Importer(815301076,1909f56bfc062723c751e8b465ee728b)
Start importing Assets/Assets/Scripts/BoatMovement1/Managers/Water using Guid(845aba4a76c20b84f9dcbad813a1aea5) Importer(815301076,1909f56bfc062723c751e8b465ee728b)  -> (artifact id: '3e94a5c29987a5a28fc37f17055fd0e5') in 0.007407 seconds
Number of updated asset objects reloaded before import = 0
Number of asset objects unloaded after import = 0
========================================================================
Received Import Request.
  Time since last request: 6.450165 seconds.
  path: Assets/Assets/Scripts/BoatMovement1/Managers/Water/WaterManager.cs
  artifactKey: Guid(8a6df3d5faad3274cbea2d2e236b3826) Importer(815301076,1909f56bfc062723c751e8b465ee728b)
Start importing Assets/Assets/Scripts/BoatMovement1/Managers/Water/WaterManager.cs using Guid(8a6df3d5faad3274cbea2d2e236b3826) Importer(815301076,1909f56bfc062723c751e8b465ee728b)  -> (artifact id: '5d654e13475131c6ceb356988973937b') in 0.003868 seconds
Number of updated asset objects reloaded before import = 0
Number of asset objects unloaded after import = 0
========================================================================
Received Prepare
Begin MonoManager ReloadAssembly
- Loaded All Assemblies, in  0.690 seconds
Refreshing native plugins compatible for Editor in 3.74 ms, found 3 plugins.
Native extension for UWP target not found
Native extension for WindowsStandalone target not found
Native extension for iOS target not found
Native extension for Android target not found
Native extension for WebGL target not found
[Package Manager] Server::EnsureServerProcessIsRunning -- launch failed, reason: Unity was launched with the -noUpm command-line argument
[Package Manager] UpmClient::Send -- Unable to send message (not connected to UPM process).
[Package Manager] Cannot connect to Unity Package Manager local server
Mono: successfully reloaded assembly
- Finished resetting the current domain, in  1.185 seconds
Domain Reload Profiling: 1871ms
	BeginReloadAssembly (236ms)
		ExecutionOrderSort (0ms)
		DisableScriptedObjects (8ms)
		BackupInstance (0ms)
		ReleaseScriptingObjects (0ms)
		CreateAndSetChildDomain (51ms)
	RebuildCommonClasses (51ms)
	RebuildNativeTypeToScriptingClass (23ms)
	initialDomainReloadingComplete (39ms)
	LoadAllAssembliesAndSetupDomain (336ms)
		LoadAssemblies (422ms)
		RebuildTransferFunctionScriptingTraits (0ms)
		AnalyzeDomain (46ms)
			TypeCache.Refresh (21ms)
				TypeCache.ScanAssembly (0ms)
			ScanForSourceGeneratedMonoScriptInfo (13ms)
			ResolveRequiredComponents (9ms)
	FinalizeReload (1186ms)
		ReleaseScriptCaches (0ms)
		RebuildScriptCaches (0ms)
		SetupLoadedEditorAssemblies (624ms)
			LogAssemblyErrors (0ms)
			InitializePlatformSupportModulesInManaged (81ms)
			SetLoadedEditorAssemblies (11ms)
			RefreshPlugins (0ms)
			BeforeProcessingInitializeOnLoad (81ms)
			ProcessInitializeOnLoadAttributes (417ms)
			ProcessInitializeOnLoadMethodAttributes (25ms)
			AfterProcessingInitializeOnLoad (9ms)
			EditorAssembliesLoaded (0ms)
		ExecutionOrderSort2 (0ms)
		AwakeInstancesAfterBackupRestoration (10ms)
Refreshing native plugins compatible for Editor in 2.45 ms, found 3 plugins.
Preloading 0 native plugins for Editor in 0.00 ms.
Unloading 3076 Unused Serialized files (Serialized files now loaded: 0)
Unloading 22 unused Assets / (30.6 KB). Loaded Objects now: 3628.
Memory consumption went from 119.1 MB to 119.1 MB.
Total: 3.184400 ms (FindLiveObjects: 0.282000 ms CreateObjectMapping: 0.315600 ms MarkObjects: 2.538600 ms  DeleteObjects: 0.047200 ms)

Prepare: number of updated asset objects reloaded= 0
AssetImportParameters requested are different than current active one (requested -> active):
  custom:scripting/monoscript/fileName/Pistol.cs: 66289aa18d62a6128d9802144d35e825 -> 
  custom:scripting/monoscript/fileName/LootBullets.cs: 61befb4d2ce282d51d744ca094f266b3 -> 
  custom:container-demuxer-ogg: 62fdf1f143b41e24485cea50d1cbac27 -> 
  custom:scripting/monoscript/fileName/SpriteEditorWindow.cs: 1629bd700639d5abf7ee9c1a15128fda -> 
  custom:scripting/monoscript/fileName/SpriteRect.cs: 8da6d12a5fbd75a0eba31cfa62842428 -> 
  custom:scripting/monoscript/fileName/PlayerArmory.cs: 72b8be74aa198932918672e5b2d1c3ea -> 
  custom:scripting/monoscript/fileName/Menu.cs: 6a6b6f10406332b78ded19ddc96541c7 -> 
  custom:scripting/monoscript/fileName/GameManager.cs: 9933fbcc6190e2a9171c2ec8808a053e -> 
  custom:scripting/monoscript/fileName/SoundManager.cs: 97b8b7f19e31a376baf624982cbfe12a -> 
  custom:scripting/monoscript/fileName/ISpriteEditorModule.cs: f35f8b8d39dcfd448fbbe9ea48566c2f -> 
  custom:scripting/monoscript/fileName/Hen.cs: 0717be46ddae3255e9a66e010e912baa -> 
  custom:scripting/monoscript/fileName/TakeDamageOnTrigger.cs: c431a7ee411ec1687e977f029f04fc14 -> 
  custom:scripting/monoscript/fileName/PrefabCreator.cs: 456abbe3eb45d979e3eb9a2c51803681 -> 
  custom:video-decoder-ogg-theora: a1e56fd34408186e4bbccfd4996cb3dc -> 
  custom:scripting/monoscript/fileName/MenuItems.cs: 3ea3522373e3b4d2ef39113c39531efd -> 
  custom:scripting/monoscript/fileName/Pointer.cs: d7f1f9138c5a08fb2eb7d9961697bfe7 -> 
  custom:scripting/monoscript/fileName/DefaultSpriteNameFileIdDataProvider.cs: cd965ed390b21ec0302c3211a9f903ff -> 
  custom:framework-win-MediaFoundation: 216162199b28c13a410421893ffa2e32 -> 
  custom:scripting/monoscript/fileName/ShapeEditor.cs: 7eba0c642af179a392c34e527393b30b -> 
  custom:scripting/monoscript/fileName/BatchPrefabCreator.cs: 3a5a0e4c54d125c34c7cf7bf204fff66 -> 
  custom:scripting/monoscript/fileName/Gun.cs: 7d05faef1ad0b187da47b70860e6ba9a -> 
  custom:scripting/monoscript/fileName/EnemyHealth.cs: a4d027726692f4f1a1dc379aafbb87e2 -> 
  custom:scripting/monoscript/fileName/SpritePolygonModeModule.cs: 8b4aa126b968b0772b9e20476364e690 -> 
  custom:scripting/monoscript/fileName/ItemCreationUtility.cs: d1c4ddba747ed633116f555c0d69ace7 -> 
  custom:scripting/monoscript/fileName/RotateToTargetEuler.cs: 3c25a53a8109c759f80f1da73db6dd52 -> 
  custom:scripting/monoscript/fileName/TakeDamageOnCollision.cs: acc97693ea9e5ea837a7218b4afb93b0 -> 
  custom:scripting/monoscript/fileName/ActivateByDistance.cs: 734949179646c69c8b32c1848b06046d -> 
  custom:CustomObjectIndexerAttribute: 756ad292c208cfabdd7b50bc23989ffe -> 
  custom:scripting/monoscript/fileName/SetTriggerEveryNSeconds.cs: 12c24bf03fc307e59d34ac40c9aa159f -> 
  custom:scripting/monoscript/fileName/RayGizmo.cs: 224f479f6ddf0dbe6c4f51b910d39946 -> 
  custom:scripting/monoscript/fileName/SpriteEditorHandles.cs: 8b78502b9b56b3c556563a6e935b52ad -> 
  custom:scripting/monoscript/fileName/ChargeIcon.cs: 283102bca38cd0be80d00643b3127366 -> 
  custom:container-demuxer-webm: 4f35f7cbe854078d1ac9338744f61a02 -> 
  custom:scripting/monoscript/fileName/Walker.cs: 7d5611d0bf86c6a16ba258d07f8dbaec -> 
  custom:scripting/monoscript/fileName/EventsArray.cs: c533851b67810d6e0c5d80968905121c -> 
  custom:scripting/monoscript/fileName/MakeDamageOnTrigger.cs: d6341046a6cf053218da763953401c19 -> 
  custom:scripting/monoscript/fileName/SpriteNameFileIdPair.cs: 8dab74045e538d5698ea3c4caed3e48c -> 
  custom:scripting/monoscript/fileName/IGL.cs: 8903f8a1304142ec1aefe33b7a4db28c -> 
  custom:scripting/monoscript/fileName/JumpGun.cs: 43d1f7baff6fd5cbb745cc84f9369f18 -> 
  custom:scripting/monoscript/fileName/SpritePhysicsShapeModule.cs: 35688b9e178698712b557d50761dc7c2 -> 
  custom:scripting/monoscript/fileName/ITexture.cs: dbb4c87e1c028ce779185d5d3d566460 -> 
  custom:scripting/monoscript/fileName/Carrot.cs: e4acc89e4f0644f074ecee6904082512 -> 
  custom:scripting/monoscript/fileName/TimeManager.cs: ee896401883365d64d0753163ba65eb8 -> 
  custom:container-muxer-webm: aa71ff27fc2769a1b78a27578f13a17b -> 
  custom:scripting/monoscript/fileName/IEvent.cs: c25d501578d8ebe48d7b30415b0df4c5 -> 
  custom:video-decoder-webm-vp8: 9c59270c3fd7afecdb556c50c9e8de78 -> 
  custom:scripting/monoscript/fileName/SpriteOutlineModule.cs: 249fecf584323de7d2fd0b14e9a4944c -> 
  custom:scripting/monoscript/fileName/Blink.cs: b9fd39b54b16a9ec65c57f4056a88cf9 -> 
  custom:SearchIndexIgnoredProperties: e643bd26f0fe6173181afceb89e7c659 -> 
  custom:scripting/monoscript/fileName/Automat.cs: e4b38d3060dd058ca0d02f4d08ab9afe -> 
  custom:AudioImporter_EditorPlatform: d09bf68614088b80899f8185d706f6e7 -> 
  custom:scripting/monoscript/fileName/SpriteEditorUtility.cs: 7e2d1f2cb427fd67c5461f9431375c3a -> 
  custom:scripting/monoscript/fileName/SpriteSecondaryTexturesModule.cs: 8f361de5bdfd731e220c415240ad033f -> 
  custom:scripting/monoscript/fileName/Activator.cs: 9fab02d4a385fb5fbcec9e678f4ac55d -> 
  custom:scripting/monoscript/fileName/PlayerHealth.cs: 49f415306e52895faa0b0a35d62e54a1 -> 
  custom:scripting/monoscript/fileName/IGUIUtility.cs: cad79017f17454feb4e1799b1c42f87c -> 
  custom:scripting/monoscript/fileName/IHandles.cs: d2780a18a3844e49d490d68d5cb3d26a -> 
  custom:scripting/monoscript/fileName/RotateToPlayer.cs: 9d2403b98c14fc4c180fdb01b53bbded -> 
  custom:scripting/monoscript/fileName/TextureImporterDataProvider.cs: d68f5d5325387f4e38fdcf2610c72ce3 -> 
  custom:scripting/monoscript/fileName/Head.cs: a23c654dc8f9bb9d5d2cf983200d10c7 -> 
  custom:scripting/monoscript/fileName/SpriteEditorMenu.cs: f9042f312a91c162ede0d5de48225240 -> 
  custom:scripting/monoscript/fileName/Follow.cs: 04d7b2a4d28d75b3f1c1084a58bf5a59 -> 
  custom:scripting/monoscript/fileName/ISpriteEditorDataProvider.cs: 4c01add71bf03a3e1afff21bbd534ee9 -> 
  custom:scripting/monoscript/fileName/IUndoSystem.cs: 841a069a843e48d57d362ca08bca21d4 -> 
  custom:scripting/monoscript/fileName/SpritePolygonModeModuleView.cs: db8ddbee5a89c636987047f4602001ef -> 
  custom:scripting/monoscript/fileName/SpriteEditorData.cs: 79e0d970ecf11ef3020398e38672548f -> 
  custom:scripting/monoscript/fileName/ButtonAnimation.cs: 9ce2e6d788c20b190ba1416234fc8783 -> 
  custom:video-encoder-webm-vp8: eb34c28f22e8b96e1ab97ce403110664 -> 
  custom:audio-decoder-ogg-vorbis: bf7c407c2cedff20999df2af8eb42d56 -> 
  custom:scripting/monoscript/fileName/SpriteEditorWindowSettings.cs: 8e59c26ada2085b3ebaa83fd01af70e3 -> 
  custom:scripting/monoscript/fileName/SpriteFrameModuleBaseView.cs: 72abaa53c3c1184e23d4d9a45f62d8c2 -> 
  custom:scripting/monoscript/fileName/Bullet.cs: a4f5918e799041ba1f6608f13912eb8b -> 
  custom:scripting/monoscript/fileName/IAssetDatabase.cs: c40b958675a6cd5b519fa6ca497fede4 -> 
  custom:scripting/monoscript/fileName/SpriteFrameModule.cs: f07011b3ec3622062bef733dc29fedf0 -> 
  custom:scripting/monoscript/fileName/ShapeEditorRectSelection.cs: 1696d724b33ef6168949bbdce78d19c6 -> 
  custom:scripting/monoscript/fileName/MakeDamageOnCollision.cs: c891a89eb5a65e98845e1237a768e523 -> 
  custom:scripting/monoscript/fileName/TextureImporterDataProviderImplementation.cs: ffb9fda6ca225aa106e9fa84455f4e60 -> 
  custom:scripting/monoscript/fileName/LootHeal.cs: d242dead9ab382370dfbc718a5fa7782 -> 
  custom:scripting/monoscript/fileName/Acorn.cs: 6d31e9898c93ab5da12ae36ad800cd04 -> 
  custom:scripting/monoscript/fileName/HealthUI.cs: e5730cd433ba33635704a2f91c7245cc -> 
  custom:scripting/monoscript/fileName/Rocket.cs: c89f140985a71d5c067121f5cdce5fde -> 
  custom:audio-encoder-webm-vorbis: bf7c407c2cedff20999df2af8eb42d56 -> 
  custom:scripting/monoscript/fileName/Rotate.cs: 0640615e68ae415c8adb0535396b225d -> 
  custom:scripting/monoscript/fileName/SpriteUtilityWindow.cs: 4827aafd0c4d893166845eac1266c4ed -> 
  custom:scripting/monoscript/fileName/SpriteFrameModuleBase.cs: 82472910b376b3c28a6f5b31b28f5f51 -> 
  custom:scripting/monoscript/fileName/PlayerMove.cs: e1b5b1ca7ac5e05a4b47501120527237 -> 
  custom:scripting/monoscript/fileName/SelfDestruct.cs: c475b0b8d708de80fa1ed2a6b376ae19 -> 
  custom:scripting/monoscript/fileName/DamageScreen.cs: 5426b96a61dff56d771c8d081622e42f -> 
  custom:scripting/monoscript/fileName/SpriteFrameModuleView.cs: f07011b3ec3622062bef733dc29fedf0 -> 
========================================================================
Received Prepare
Begin MonoManager ReloadAssembly
- Loaded All Assemblies, in  0.727 seconds
Refreshing native plugins compatible for Editor in 2.31 ms, found 3 plugins.
Native extension for UWP target not found
Native extension for WindowsStandalone target not found
Native extension for iOS target not found
Native extension for Android target not found
Native extension for WebGL target not found
[Package Manager] Server::EnsureServerProcessIsRunning -- launch failed, reason: Unity was launched with the -noUpm command-line argument
[Package Manager] UpmClient::Send -- Unable to send message (not connected to UPM process).
[Package Manager] Cannot connect to Unity Package Manager local server
Mono: successfully reloaded assembly
- Finished resetting the current domain, in  1.777 seconds
Domain Reload Profiling: 2500ms
	BeginReloadAssembly (297ms)
		ExecutionOrderSort (0ms)
		DisableScriptedObjects (11ms)
		BackupInstance (0ms)
		ReleaseScriptingObjects (0ms)
		CreateAndSetChildDomain (80ms)
	RebuildCommonClasses (59ms)
	RebuildNativeTypeToScriptingClass (24ms)
	initialDomainReloadingComplete (47ms)
	LoadAllAssembliesAndSetupDomain (295ms)
		LoadAssemblies (424ms)
		RebuildTransferFunctionScriptingTraits (0ms)
		AnalyzeDomain (25ms)
			TypeCache.Refresh (10ms)
				TypeCache.ScanAssembly (0ms)
			ScanForSourceGeneratedMonoScriptInfo (8ms)
			ResolveRequiredComponents (6ms)
	FinalizeReload (1778ms)
		ReleaseScriptCaches (0ms)
		RebuildScriptCaches (0ms)
		SetupLoadedEditorAssemblies (1086ms)
			LogAssemblyErrors (0ms)
			InitializePlatformSupportModulesInManaged (74ms)
			SetLoadedEditorAssemblies (9ms)
			RefreshPlugins (0ms)
			BeforeProcessingInitializeOnLoad (115ms)
			ProcessInitializeOnLoadAttributes (833ms)
			ProcessInitializeOnLoadMethodAttributes (40ms)
			AfterProcessingInitializeOnLoad (16ms)
			EditorAssembliesLoaded (1ms)
		ExecutionOrderSort2 (0ms)
		AwakeInstancesAfterBackupRestoration (14ms)
Refreshing native plugins compatible for Editor in 4.30 ms, found 3 plugins.
Preloading 0 native plugins for Editor in 0.00 ms.
Unloading 3077 Unused Serialized files (Serialized files now loaded: 0)
Unloading 22 unused Assets / (30.6 KB). Loaded Objects now: 3631.
Memory consumption went from 119.3 MB to 119.3 MB.
Total: 4.635400 ms (FindLiveObjects: 0.451900 ms CreateObjectMapping: 0.303700 ms MarkObjects: 3.808700 ms  DeleteObjects: 0.069600 ms)

Prepare: number of updated asset objects reloaded= 0
AssetImportParameters requested are different than current active one (requested -> active):
  custom:scripting/monoscript/fileName/Pistol.cs: 66289aa18d62a6128d9802144d35e825 -> 
  custom:scripting/monoscript/fileName/LootBullets.cs: 61befb4d2ce282d51d744ca094f266b3 -> 
  custom:container-demuxer-ogg: 62fdf1f143b41e24485cea50d1cbac27 -> 
  custom:scripting/monoscript/fileName/SpriteEditorWindow.cs: 1629bd700639d5abf7ee9c1a15128fda -> 
  custom:scripting/monoscript/fileName/SpriteRect.cs: 8da6d12a5fbd75a0eba31cfa62842428 -> 
  custom:scripting/monoscript/fileName/PlayerArmory.cs: 72b8be74aa198932918672e5b2d1c3ea -> 
  custom:scripting/monoscript/fileName/Menu.cs: 6a6b6f10406332b78ded19ddc96541c7 -> 
  custom:scripting/monoscript/fileName/GameManager.cs: 9933fbcc6190e2a9171c2ec8808a053e -> 
  custom:scripting/monoscript/fileName/SoundManager.cs: 97b8b7f19e31a376baf624982cbfe12a -> 
  custom:scripting/monoscript/fileName/ISpriteEditorModule.cs: f35f8b8d39dcfd448fbbe9ea48566c2f -> 
  custom:scripting/monoscript/fileName/Hen.cs: 0717be46ddae3255e9a66e010e912baa -> 
  custom:scripting/monoscript/fileName/TakeDamageOnTrigger.cs: c431a7ee411ec1687e977f029f04fc14 -> 
  custom:scripting/monoscript/fileName/PrefabCreator.cs: 456abbe3eb45d979e3eb9a2c51803681 -> 
  custom:video-decoder-ogg-theora: a1e56fd34408186e4bbccfd4996cb3dc -> 
  custom:scripting/monoscript/fileName/MenuItems.cs: 3ea3522373e3b4d2ef39113c39531efd -> 
  custom:scripting/monoscript/fileName/Pointer.cs: d7f1f9138c5a08fb2eb7d9961697bfe7 -> 
  custom:scripting/monoscript/fileName/DefaultSpriteNameFileIdDataProvider.cs: cd965ed390b21ec0302c3211a9f903ff -> 
  custom:framework-win-MediaFoundation: 216162199b28c13a410421893ffa2e32 -> 
  custom:scripting/monoscript/fileName/ShapeEditor.cs: 7eba0c642af179a392c34e527393b30b -> 
  custom:scripting/monoscript/fileName/BatchPrefabCreator.cs: 3a5a0e4c54d125c34c7cf7bf204fff66 -> 
  custom:scripting/monoscript/fileName/Gun.cs: 7d05faef1ad0b187da47b70860e6ba9a -> 
  custom:scripting/monoscript/fileName/EnemyHealth.cs: a4d027726692f4f1a1dc379aafbb87e2 -> 
  custom:scripting/monoscript/fileName/SpritePolygonModeModule.cs: 8b4aa126b968b0772b9e20476364e690 -> 
  custom:scripting/monoscript/fileName/ItemCreationUtility.cs: d1c4ddba747ed633116f555c0d69ace7 -> 
  custom:scripting/monoscript/fileName/RotateToTargetEuler.cs: 3c25a53a8109c759f80f1da73db6dd52 -> 
  custom:scripting/monoscript/fileName/TakeDamageOnCollision.cs: acc97693ea9e5ea837a7218b4afb93b0 -> 
  custom:scripting/monoscript/fileName/ActivateByDistance.cs: 734949179646c69c8b32c1848b06046d -> 
  custom:CustomObjectIndexerAttribute: 756ad292c208cfabdd7b50bc23989ffe -> 
  custom:scripting/monoscript/fileName/SetTriggerEveryNSeconds.cs: 12c24bf03fc307e59d34ac40c9aa159f -> 
  custom:scripting/monoscript/fileName/RayGizmo.cs: 224f479f6ddf0dbe6c4f51b910d39946 -> 
  custom:scripting/monoscript/fileName/SpriteEditorHandles.cs: 8b78502b9b56b3c556563a6e935b52ad -> 
  custom:scripting/monoscript/fileName/ChargeIcon.cs: 283102bca38cd0be80d00643b3127366 -> 
  custom:container-demuxer-webm: 4f35f7cbe854078d1ac9338744f61a02 -> 
  custom:scripting/monoscript/fileName/Walker.cs: 7d5611d0bf86c6a16ba258d07f8dbaec -> 
  custom:scripting/monoscript/fileName/EventsArray.cs: c533851b67810d6e0c5d80968905121c -> 
  custom:scripting/monoscript/fileName/MakeDamageOnTrigger.cs: d6341046a6cf053218da763953401c19 -> 
  custom:scripting/monoscript/fileName/SpriteNameFileIdPair.cs: 8dab74045e538d5698ea3c4caed3e48c -> 
  custom:scripting/monoscript/fileName/IGL.cs: 8903f8a1304142ec1aefe33b7a4db28c -> 
  custom:scripting/monoscript/fileName/JumpGun.cs: 43d1f7baff6fd5cbb745cc84f9369f18 -> 
  custom:scripting/monoscript/fileName/SpritePhysicsShapeModule.cs: 35688b9e178698712b557d50761dc7c2 -> 
  custom:scripting/monoscript/fileName/ITexture.cs: dbb4c87e1c028ce779185d5d3d566460 -> 
  custom:scripting/monoscript/fileName/Carrot.cs: e4acc89e4f0644f074ecee6904082512 -> 
  custom:scripting/monoscript/fileName/TimeManager.cs: ee896401883365d64d0753163ba65eb8 -> 
  custom:container-muxer-webm: aa71ff27fc2769a1b78a27578f13a17b -> 
  custom:scripting/monoscript/fileName/IEvent.cs: c25d501578d8ebe48d7b30415b0df4c5 -> 
  custom:video-decoder-webm-vp8: 9c59270c3fd7afecdb556c50c9e8de78 -> 
  custom:scripting/monoscript/fileName/SpriteOutlineModule.cs: 249fecf584323de7d2fd0b14e9a4944c -> 
  custom:scripting/monoscript/fileName/Blink.cs: b9fd39b54b16a9ec65c57f4056a88cf9 -> 
  custom:SearchIndexIgnoredProperties: e643bd26f0fe6173181afceb89e7c659 -> 
  custom:scripting/monoscript/fileName/Automat.cs: e4b38d3060dd058ca0d02f4d08ab9afe -> 
  custom:AudioImporter_EditorPlatform: d09bf68614088b80899f8185d706f6e7 -> 
  custom:scripting/monoscript/fileName/SpriteEditorUtility.cs: 7e2d1f2cb427fd67c5461f9431375c3a -> 
  custom:scripting/monoscript/fileName/SpriteSecondaryTexturesModule.cs: 8f361de5bdfd731e220c415240ad033f -> 
  custom:scripting/monoscript/fileName/Activator.cs: 9fab02d4a385fb5fbcec9e678f4ac55d -> 
  custom:scripting/monoscript/fileName/PlayerHealth.cs: 49f415306e52895faa0b0a35d62e54a1 -> 
  custom:scripting/monoscript/fileName/IGUIUtility.cs: cad79017f17454feb4e1799b1c42f87c -> 
  custom:scripting/monoscript/fileName/IHandles.cs: d2780a18a3844e49d490d68d5cb3d26a -> 
  custom:scripting/monoscript/fileName/RotateToPlayer.cs: 9d2403b98c14fc4c180fdb01b53bbded -> 
  custom:scripting/monoscript/fileName/TextureImporterDataProvider.cs: d68f5d5325387f4e38fdcf2610c72ce3 -> 
  custom:scripting/monoscript/fileName/Head.cs: a23c654dc8f9bb9d5d2cf983200d10c7 -> 
  custom:scripting/monoscript/fileName/SpriteEditorMenu.cs: f9042f312a91c162ede0d5de48225240 -> 
  custom:scripting/monoscript/fileName/Follow.cs: 04d7b2a4d28d75b3f1c1084a58bf5a59 -> 
  custom:scripting/monoscript/fileName/ISpriteEditorDataProvider.cs: 4c01add71bf03a3e1afff21bbd534ee9 -> 
  custom:scripting/monoscript/fileName/IUndoSystem.cs: 841a069a843e48d57d362ca08bca21d4 -> 
  custom:scripting/monoscript/fileName/SpritePolygonModeModuleView.cs: db8ddbee5a89c636987047f4602001ef -> 
  custom:scripting/monoscript/fileName/SpriteEditorData.cs: 79e0d970ecf11ef3020398e38672548f -> 
  custom:scripting/monoscript/fileName/ButtonAnimation.cs: 9ce2e6d788c20b190ba1416234fc8783 -> 
  custom:video-encoder-webm-vp8: eb34c28f22e8b96e1ab97ce403110664 -> 
  custom:audio-decoder-ogg-vorbis: bf7c407c2cedff20999df2af8eb42d56 -> 
  custom:scripting/monoscript/fileName/SpriteEditorWindowSettings.cs: 8e59c26ada2085b3ebaa83fd01af70e3 -> 
  custom:scripting/monoscript/fileName/SpriteFrameModuleBaseView.cs: 72abaa53c3c1184e23d4d9a45f62d8c2 -> 
  custom:scripting/monoscript/fileName/Bullet.cs: a4f5918e799041ba1f6608f13912eb8b -> 
  custom:scripting/monoscript/fileName/IAssetDatabase.cs: c40b958675a6cd5b519fa6ca497fede4 -> 
  custom:scripting/monoscript/fileName/SpriteFrameModule.cs: f07011b3ec3622062bef733dc29fedf0 -> 
  custom:scripting/monoscript/fileName/ShapeEditorRectSelection.cs: 1696d724b33ef6168949bbdce78d19c6 -> 
  custom:scripting/monoscript/fileName/MakeDamageOnCollision.cs: c891a89eb5a65e98845e1237a768e523 -> 
  custom:scripting/monoscript/fileName/TextureImporterDataProviderImplementation.cs: ffb9fda6ca225aa106e9fa84455f4e60 -> 
  custom:scripting/monoscript/fileName/LootHeal.cs: d242dead9ab382370dfbc718a5fa7782 -> 
  custom:scripting/monoscript/fileName/Acorn.cs: 6d31e9898c93ab5da12ae36ad800cd04 -> 
  custom:scripting/monoscript/fileName/HealthUI.cs: e5730cd433ba33635704a2f91c7245cc -> 
  custom:scripting/monoscript/fileName/Rocket.cs: c89f140985a71d5c067121f5cdce5fde -> 
  custom:audio-encoder-webm-vorbis: bf7c407c2cedff20999df2af8eb42d56 -> 
  custom:scripting/monoscript/fileName/Rotate.cs: 0640615e68ae415c8adb0535396b225d -> 
  custom:scripting/monoscript/fileName/SpriteUtilityWindow.cs: 4827aafd0c4d893166845eac1266c4ed -> 
  custom:scripting/monoscript/fileName/SpriteFrameModuleBase.cs: 82472910b376b3c28a6f5b31b28f5f51 -> 
  custom:scripting/monoscript/fileName/PlayerMove.cs: e1b5b1ca7ac5e05a4b47501120527237 -> 
  custom:scripting/monoscript/fileName/SelfDestruct.cs: c475b0b8d708de80fa1ed2a6b376ae19 -> 
  custom:scripting/monoscript/fileName/DamageScreen.cs: 5426b96a61dff56d771c8d081622e42f -> 
  custom:scripting/monoscript/fileName/SpriteFrameModuleView.cs: f07011b3ec3622062bef733dc29fedf0 -> 
========================================================================
Received Prepare
Begin MonoManager ReloadAssembly
- Loaded All Assemblies, in  0.612 seconds
Refreshing native plugins compatible for Editor in 2.87 ms, found 3 plugins.
Native extension for UWP target not found
Native extension for WindowsStandalone target not found
Native extension for iOS target not found
Native extension for Android target not found
Native extension for WebGL target not found
[Package Manager] Server::EnsureServerProcessIsRunning -- launch failed, reason: Unity was launched with the -noUpm command-line argument
[Package Manager] UpmClient::Send -- Unable to send message (not connected to UPM process).
[Package Manager] Cannot connect to Unity Package Manager local server
Mono: successfully reloaded assembly
- Finished resetting the current domain, in  2.051 seconds
Domain Reload Profiling: 2662ms
	BeginReloadAssembly (219ms)
		ExecutionOrderSort (0ms)
		DisableScriptedObjects (7ms)
		BackupInstance (0ms)
		ReleaseScriptingObjects (0ms)
		CreateAndSetChildDomain (40ms)
	RebuildCommonClasses (49ms)
	RebuildNativeTypeToScriptingClass (22ms)
	initialDomainReloadingComplete (43ms)
	LoadAllAssembliesAndSetupDomain (276ms)
		LoadAssemblies (391ms)
		RebuildTransferFunctionScriptingTraits (0ms)
		AnalyzeDomain (16ms)
			TypeCache.Refresh (9ms)
				TypeCache.ScanAssembly (0ms)
			ScanForSourceGeneratedMonoScriptInfo (0ms)
			ResolveRequiredComponents (6ms)
	FinalizeReload (2053ms)
		ReleaseScriptCaches (0ms)
		RebuildScriptCaches (0ms)
		SetupLoadedEditorAssemblies (1096ms)
			LogAssemblyErrors (0ms)
			InitializePlatformSupportModulesInManaged (104ms)
			SetLoadedEditorAssemblies (12ms)
			RefreshPlugins (0ms)
			BeforeProcessingInitializeOnLoad (146ms)
			ProcessInitializeOnLoadAttributes (752ms)
			ProcessInitializeOnLoadMethodAttributes (61ms)
			AfterProcessingInitializeOnLoad (21ms)
			EditorAssembliesLoaded (0ms)
		ExecutionOrderSort2 (0ms)
		AwakeInstancesAfterBackupRestoration (19ms)
Refreshing native plugins compatible for Editor in 3.45 ms, found 3 plugins.
Preloading 0 native plugins for Editor in 0.00 ms.
Unloading 3077 Unused Serialized files (Serialized files now loaded: 0)
Unloading 22 unused Assets / (30.6 KB). Loaded Objects now: 3634.
Memory consumption went from 119.3 MB to 119.3 MB.
Total: 5.939700 ms (FindLiveObjects: 0.399400 ms CreateObjectMapping: 0.344900 ms MarkObjects: 5.115300 ms  DeleteObjects: 0.078200 ms)

Prepare: number of updated asset objects reloaded= 0
AssetImportParameters requested are different than current active one (requested -> active):
  custom:scripting/monoscript/fileName/Pistol.cs: 66289aa18d62a6128d9802144d35e825 -> 
  custom:scripting/monoscript/fileName/LootBullets.cs: 61befb4d2ce282d51d744ca094f266b3 -> 
  custom:container-demuxer-ogg: 62fdf1f143b41e24485cea50d1cbac27 -> 
  custom:scripting/monoscript/fileName/SpriteEditorWindow.cs: 1629bd700639d5abf7ee9c1a15128fda -> 
  custom:scripting/monoscript/fileName/SpriteRect.cs: 8da6d12a5fbd75a0eba31cfa62842428 -> 
  custom:scripting/monoscript/fileName/PlayerArmory.cs: 72b8be74aa198932918672e5b2d1c3ea -> 
  custom:scripting/monoscript/fileName/Menu.cs: 6a6b6f10406332b78ded19ddc96541c7 -> 
  custom:scripting/monoscript/fileName/GameManager.cs: 9933fbcc6190e2a9171c2ec8808a053e -> 
  custom:scripting/monoscript/fileName/SoundManager.cs: 97b8b7f19e31a376baf624982cbfe12a -> 
  custom:scripting/monoscript/fileName/ISpriteEditorModule.cs: f35f8b8d39dcfd448fbbe9ea48566c2f -> 
  custom:scripting/monoscript/fileName/Hen.cs: 0717be46ddae3255e9a66e010e912baa -> 
  custom:scripting/monoscript/fileName/TakeDamageOnTrigger.cs: c431a7ee411ec1687e977f029f04fc14 -> 
  custom:scripting/monoscript/fileName/PrefabCreator.cs: 456abbe3eb45d979e3eb9a2c51803681 -> 
  custom:video-decoder-ogg-theora: a1e56fd34408186e4bbccfd4996cb3dc -> 
  custom:scripting/monoscript/fileName/MenuItems.cs: 3ea3522373e3b4d2ef39113c39531efd -> 
  custom:scripting/monoscript/fileName/Pointer.cs: d7f1f9138c5a08fb2eb7d9961697bfe7 -> 
  custom:scripting/monoscript/fileName/DefaultSpriteNameFileIdDataProvider.cs: cd965ed390b21ec0302c3211a9f903ff -> 
  custom:framework-win-MediaFoundation: 216162199b28c13a410421893ffa2e32 -> 
  custom:scripting/monoscript/fileName/ShapeEditor.cs: 7eba0c642af179a392c34e527393b30b -> 
  custom:scripting/monoscript/fileName/BatchPrefabCreator.cs: 3a5a0e4c54d125c34c7cf7bf204fff66 -> 
  custom:scripting/monoscript/fileName/Gun.cs: 7d05faef1ad0b187da47b70860e6ba9a -> 
  custom:scripting/monoscript/fileName/EnemyHealth.cs: a4d027726692f4f1a1dc379aafbb87e2 -> 
  custom:scripting/monoscript/fileName/SpritePolygonModeModule.cs: 8b4aa126b968b0772b9e20476364e690 -> 
  custom:scripting/monoscript/fileName/ItemCreationUtility.cs: d1c4ddba747ed633116f555c0d69ace7 -> 
  custom:scripting/monoscript/fileName/RotateToTargetEuler.cs: 3c25a53a8109c759f80f1da73db6dd52 -> 
  custom:scripting/monoscript/fileName/TakeDamageOnCollision.cs: acc97693ea9e5ea837a7218b4afb93b0 -> 
  custom:scripting/monoscript/fileName/ActivateByDistance.cs: 734949179646c69c8b32c1848b06046d -> 
  custom:CustomObjectIndexerAttribute: 756ad292c208cfabdd7b50bc23989ffe -> 
  custom:scripting/monoscript/fileName/SetTriggerEveryNSeconds.cs: 12c24bf03fc307e59d34ac40c9aa159f -> 
  custom:scripting/monoscript/fileName/RayGizmo.cs: 224f479f6ddf0dbe6c4f51b910d39946 -> 
  custom:scripting/monoscript/fileName/SpriteEditorHandles.cs: 8b78502b9b56b3c556563a6e935b52ad -> 
  custom:scripting/monoscript/fileName/ChargeIcon.cs: 283102bca38cd0be80d00643b3127366 -> 
  custom:container-demuxer-webm: 4f35f7cbe854078d1ac9338744f61a02 -> 
  custom:scripting/monoscript/fileName/Walker.cs: 7d5611d0bf86c6a16ba258d07f8dbaec -> 
  custom:scripting/monoscript/fileName/EventsArray.cs: c533851b67810d6e0c5d80968905121c -> 
  custom:scripting/monoscript/fileName/MakeDamageOnTrigger.cs: d6341046a6cf053218da763953401c19 -> 
  custom:scripting/monoscript/fileName/SpriteNameFileIdPair.cs: 8dab74045e538d5698ea3c4caed3e48c -> 
  custom:scripting/monoscript/fileName/IGL.cs: 8903f8a1304142ec1aefe33b7a4db28c -> 
  custom:scripting/monoscript/fileName/JumpGun.cs: 43d1f7baff6fd5cbb745cc84f9369f18 -> 
  custom:scripting/monoscript/fileName/SpritePhysicsShapeModule.cs: 35688b9e178698712b557d50761dc7c2 -> 
  custom:scripting/monoscript/fileName/ITexture.cs: dbb4c87e1c028ce779185d5d3d566460 -> 
  custom:scripting/monoscript/fileName/Carrot.cs: e4acc89e4f0644f074ecee6904082512 -> 
  custom:scripting/monoscript/fileName/TimeManager.cs: ee896401883365d64d0753163ba65eb8 -> 
  custom:container-muxer-webm: aa71ff27fc2769a1b78a27578f13a17b -> 
  custom:scripting/monoscript/fileName/IEvent.cs: c25d501578d8ebe48d7b30415b0df4c5 -> 
  custom:video-decoder-webm-vp8: 9c59270c3fd7afecdb556c50c9e8de78 -> 
  custom:scripting/monoscript/fileName/SpriteOutlineModule.cs: 249fecf584323de7d2fd0b14e9a4944c -> 
  custom:scripting/monoscript/fileName/Blink.cs: b9fd39b54b16a9ec65c57f4056a88cf9 -> 
  custom:SearchIndexIgnoredProperties: e643bd26f0fe6173181afceb89e7c659 -> 
  custom:scripting/monoscript/fileName/Automat.cs: e4b38d3060dd058ca0d02f4d08ab9afe -> 
  custom:AudioImporter_EditorPlatform: d09bf68614088b80899f8185d706f6e7 -> 
  custom:scripting/monoscript/fileName/SpriteEditorUtility.cs: 7e2d1f2cb427fd67c5461f9431375c3a -> 
  custom:scripting/monoscript/fileName/SpriteSecondaryTexturesModule.cs: 8f361de5bdfd731e220c415240ad033f -> 
  custom:scripting/monoscript/fileName/Activator.cs: 9fab02d4a385fb5fbcec9e678f4ac55d -> 
  custom:scripting/monoscript/fileName/PlayerHealth.cs: 49f415306e52895faa0b0a35d62e54a1 -> 
  custom:scripting/monoscript/fileName/IGUIUtility.cs: cad79017f17454feb4e1799b1c42f87c -> 
  custom:scripting/monoscript/fileName/IHandles.cs: d2780a18a3844e49d490d68d5cb3d26a -> 
  custom:scripting/monoscript/fileName/RotateToPlayer.cs: 9d2403b98c14fc4c180fdb01b53bbded -> 
  custom:scripting/monoscript/fileName/TextureImporterDataProvider.cs: d68f5d5325387f4e38fdcf2610c72ce3 -> 
  custom:scripting/monoscript/fileName/Head.cs: a23c654dc8f9bb9d5d2cf983200d10c7 -> 
  custom:scripting/monoscript/fileName/SpriteEditorMenu.cs: f9042f312a91c162ede0d5de48225240 -> 
  custom:scripting/monoscript/fileName/Follow.cs: 04d7b2a4d28d75b3f1c1084a58bf5a59 -> 
  custom:scripting/monoscript/fileName/ISpriteEditorDataProvider.cs: 4c01add71bf03a3e1afff21bbd534ee9 -> 
  custom:scripting/monoscript/fileName/IUndoSystem.cs: 841a069a843e48d57d362ca08bca21d4 -> 
  custom:scripting/monoscript/fileName/SpritePolygonModeModuleView.cs: db8ddbee5a89c636987047f4602001ef -> 
  custom:scripting/monoscript/fileName/SpriteEditorData.cs: 79e0d970ecf11ef3020398e38672548f -> 
  custom:scripting/monoscript/fileName/ButtonAnimation.cs: 9ce2e6d788c20b190ba1416234fc8783 -> 
  custom:video-encoder-webm-vp8: eb34c28f22e8b96e1ab97ce403110664 -> 
  custom:audio-decoder-ogg-vorbis: bf7c407c2cedff20999df2af8eb42d56 -> 
  custom:scripting/monoscript/fileName/SpriteEditorWindowSettings.cs: 8e59c26ada2085b3ebaa83fd01af70e3 -> 
  custom:scripting/monoscript/fileName/SpriteFrameModuleBaseView.cs: 72abaa53c3c1184e23d4d9a45f62d8c2 -> 
  custom:scripting/monoscript/fileName/Bullet.cs: a4f5918e799041ba1f6608f13912eb8b -> 
  custom:scripting/monoscript/fileName/IAssetDatabase.cs: c40b958675a6cd5b519fa6ca497fede4 -> 
  custom:scripting/monoscript/fileName/SpriteFrameModule.cs: f07011b3ec3622062bef733dc29fedf0 -> 
  custom:scripting/monoscript/fileName/ShapeEditorRectSelection.cs: 1696d724b33ef6168949bbdce78d19c6 -> 
  custom:scripting/monoscript/fileName/MakeDamageOnCollision.cs: c891a89eb5a65e98845e1237a768e523 -> 
  custom:scripting/monoscript/fileName/TextureImporterDataProviderImplementation.cs: ffb9fda6ca225aa106e9fa84455f4e60 -> 
  custom:scripting/monoscript/fileName/LootHeal.cs: d242dead9ab382370dfbc718a5fa7782 -> 
  custom:scripting/monoscript/fileName/Acorn.cs: 6d31e9898c93ab5da12ae36ad800cd04 -> 
  custom:scripting/monoscript/fileName/HealthUI.cs: e5730cd433ba33635704a2f91c7245cc -> 
  custom:scripting/monoscript/fileName/Rocket.cs: c89f140985a71d5c067121f5cdce5fde -> 
  custom:audio-encoder-webm-vorbis: bf7c407c2cedff20999df2af8eb42d56 -> 
  custom:scripting/monoscript/fileName/Rotate.cs: 0640615e68ae415c8adb0535396b225d -> 
  custom:scripting/monoscript/fileName/SpriteUtilityWindow.cs: 4827aafd0c4d893166845eac1266c4ed -> 
  custom:scripting/monoscript/fileName/SpriteFrameModuleBase.cs: 82472910b376b3c28a6f5b31b28f5f51 -> 
  custom:scripting/monoscript/fileName/PlayerMove.cs: e1b5b1ca7ac5e05a4b47501120527237 -> 
  custom:scripting/monoscript/fileName/SelfDestruct.cs: c475b0b8d708de80fa1ed2a6b376ae19 -> 
  custom:scripting/monoscript/fileName/DamageScreen.cs: 5426b96a61dff56d771c8d081622e42f -> 
  custom:scripting/monoscript/fileName/SpriteFrameModuleView.cs: f07011b3ec3622062bef733dc29fedf0 -> 
========================================================================
Received Prepare
Begin MonoManager ReloadAssembly
- Loaded All Assemblies, in  0.566 seconds
Refreshing native plugins compatible for Editor in 4.14 ms, found 3 plugins.
Native extension for UWP target not found
Native extension for WindowsStandalone target not found
Native extension for iOS target not found
Native extension for Android target not found
Native extension for WebGL target not found
[Package Manager] Server::EnsureServerProcessIsRunning -- launch failed, reason: Unity was launched with the -noUpm command-line argument
[Package Manager] UpmClient::Send -- Unable to send message (not connected to UPM process).
[Package Manager] Cannot connect to Unity Package Manager local server
Mono: successfully reloaded assembly
- Finished resetting the current domain, in  1.696 seconds
Domain Reload Profiling: 2258ms
	BeginReloadAssembly (204ms)
		ExecutionOrderSort (0ms)
		DisableScriptedObjects (7ms)
		BackupInstance (0ms)
		ReleaseScriptingObjects (0ms)
		CreateAndSetChildDomain (39ms)
	RebuildCommonClasses (54ms)
	RebuildNativeTypeToScriptingClass (15ms)
	initialDomainReloadingComplete (42ms)
	LoadAllAssembliesAndSetupDomain (246ms)
		LoadAssemblies (350ms)
		RebuildTransferFunctionScriptingTraits (0ms)
		AnalyzeDomain (13ms)
			TypeCache.Refresh (6ms)
				TypeCache.ScanAssembly (0ms)
			ScanForSourceGeneratedMonoScriptInfo (0ms)
			ResolveRequiredComponents (5ms)
	FinalizeReload (1698ms)
		ReleaseScriptCaches (0ms)
		RebuildScriptCaches (0ms)
		SetupLoadedEditorAssemblies (1004ms)
			LogAssemblyErrors (0ms)
			InitializePlatformSupportModulesInManaged (80ms)
			SetLoadedEditorAssemblies (11ms)
			RefreshPlugins (0ms)
			BeforeProcessingInitializeOnLoad (114ms)
			ProcessInitializeOnLoadAttributes (724ms)
			ProcessInitializeOnLoadMethodAttributes (56ms)
			AfterProcessingInitializeOnLoad (16ms)
			EditorAssembliesLoaded (3ms)
		ExecutionOrderSort2 (0ms)
		AwakeInstancesAfterBackupRestoration (21ms)
Refreshing native plugins compatible for Editor in 4.33 ms, found 3 plugins.
Preloading 0 native plugins for Editor in 0.00 ms.
Unloading 3077 Unused Serialized files (Serialized files now loaded: 0)
Unloading 22 unused Assets / (30.6 KB). Loaded Objects now: 3637.
Memory consumption went from 119.4 MB to 119.3 MB.
Total: 6.376100 ms (FindLiveObjects: 0.391100 ms CreateObjectMapping: 0.293900 ms MarkObjects: 5.615900 ms  DeleteObjects: 0.073900 ms)

Prepare: number of updated asset objects reloaded= 0
AssetImportParameters requested are different than current active one (requested -> active):
  custom:scripting/monoscript/fileName/Pistol.cs: 66289aa18d62a6128d9802144d35e825 -> 
  custom:scripting/monoscript/fileName/LootBullets.cs: 61befb4d2ce282d51d744ca094f266b3 -> 
  custom:container-demuxer-ogg: 62fdf1f143b41e24485cea50d1cbac27 -> 
  custom:scripting/monoscript/fileName/SpriteEditorWindow.cs: 1629bd700639d5abf7ee9c1a15128fda -> 
  custom:scripting/monoscript/fileName/SpriteRect.cs: 8da6d12a5fbd75a0eba31cfa62842428 -> 
  custom:scripting/monoscript/fileName/PlayerArmory.cs: 72b8be74aa198932918672e5b2d1c3ea -> 
  custom:scripting/monoscript/fileName/Menu.cs: 6a6b6f10406332b78ded19ddc96541c7 -> 
  custom:scripting/monoscript/fileName/GameManager.cs: 9933fbcc6190e2a9171c2ec8808a053e -> 
  custom:scripting/monoscript/fileName/SoundManager.cs: 97b8b7f19e31a376baf624982cbfe12a -> 
  custom:scripting/monoscript/fileName/ISpriteEditorModule.cs: f35f8b8d39dcfd448fbbe9ea48566c2f -> 
  custom:scripting/monoscript/fileName/Hen.cs: 0717be46ddae3255e9a66e010e912baa -> 
  custom:scripting/monoscript/fileName/TakeDamageOnTrigger.cs: c431a7ee411ec1687e977f029f04fc14 -> 
  custom:scripting/monoscript/fileName/PrefabCreator.cs: 456abbe3eb45d979e3eb9a2c51803681 -> 
  custom:video-decoder-ogg-theora: a1e56fd34408186e4bbccfd4996cb3dc -> 
  custom:scripting/monoscript/fileName/MenuItems.cs: 3ea3522373e3b4d2ef39113c39531efd -> 
  custom:scripting/monoscript/fileName/Pointer.cs: d7f1f9138c5a08fb2eb7d9961697bfe7 -> 
  custom:scripting/monoscript/fileName/DefaultSpriteNameFileIdDataProvider.cs: cd965ed390b21ec0302c3211a9f903ff -> 
  custom:framework-win-MediaFoundation: 216162199b28c13a410421893ffa2e32 -> 
  custom:scripting/monoscript/fileName/ShapeEditor.cs: 7eba0c642af179a392c34e527393b30b -> 
  custom:scripting/monoscript/fileName/BatchPrefabCreator.cs: 3a5a0e4c54d125c34c7cf7bf204fff66 -> 
  custom:scripting/monoscript/fileName/Gun.cs: 7d05faef1ad0b187da47b70860e6ba9a -> 
  custom:scripting/monoscript/fileName/EnemyHealth.cs: a4d027726692f4f1a1dc379aafbb87e2 -> 
  custom:scripting/monoscript/fileName/SpritePolygonModeModule.cs: 8b4aa126b968b0772b9e20476364e690 -> 
  custom:scripting/monoscript/fileName/ItemCreationUtility.cs: d1c4ddba747ed633116f555c0d69ace7 -> 
  custom:scripting/monoscript/fileName/RotateToTargetEuler.cs: 3c25a53a8109c759f80f1da73db6dd52 -> 
  custom:scripting/monoscript/fileName/TakeDamageOnCollision.cs: acc97693ea9e5ea837a7218b4afb93b0 -> 
  custom:scripting/monoscript/fileName/ActivateByDistance.cs: 734949179646c69c8b32c1848b06046d -> 
  custom:CustomObjectIndexerAttribute: 756ad292c208cfabdd7b50bc23989ffe -> 
  custom:scripting/monoscript/fileName/SetTriggerEveryNSeconds.cs: 12c24bf03fc307e59d34ac40c9aa159f -> 
  custom:scripting/monoscript/fileName/RayGizmo.cs: 224f479f6ddf0dbe6c4f51b910d39946 -> 
  custom:scripting/monoscript/fileName/SpriteEditorHandles.cs: 8b78502b9b56b3c556563a6e935b52ad -> 
  custom:scripting/monoscript/fileName/ChargeIcon.cs: 283102bca38cd0be80d00643b3127366 -> 
  custom:container-demuxer-webm: 4f35f7cbe854078d1ac9338744f61a02 -> 
  custom:scripting/monoscript/fileName/Walker.cs: 7d5611d0bf86c6a16ba258d07f8dbaec -> 
  custom:scripting/monoscript/fileName/EventsArray.cs: c533851b67810d6e0c5d80968905121c -> 
  custom:scripting/monoscript/fileName/MakeDamageOnTrigger.cs: d6341046a6cf053218da763953401c19 -> 
  custom:scripting/monoscript/fileName/SpriteNameFileIdPair.cs: 8dab74045e538d5698ea3c4caed3e48c -> 
  custom:scripting/monoscript/fileName/IGL.cs: 8903f8a1304142ec1aefe33b7a4db28c -> 
  custom:scripting/monoscript/fileName/JumpGun.cs: 43d1f7baff6fd5cbb745cc84f9369f18 -> 
  custom:scripting/monoscript/fileName/SpritePhysicsShapeModule.cs: 35688b9e178698712b557d50761dc7c2 -> 
  custom:scripting/monoscript/fileName/ITexture.cs: dbb4c87e1c028ce779185d5d3d566460 -> 
  custom:scripting/monoscript/fileName/Carrot.cs: e4acc89e4f0644f074ecee6904082512 -> 
  custom:scripting/monoscript/fileName/TimeManager.cs: ee896401883365d64d0753163ba65eb8 -> 
  custom:container-muxer-webm: aa71ff27fc2769a1b78a27578f13a17b -> 
  custom:scripting/monoscript/fileName/IEvent.cs: c25d501578d8ebe48d7b30415b0df4c5 -> 
  custom:video-decoder-webm-vp8: 9c59270c3fd7afecdb556c50c9e8de78 -> 
  custom:scripting/monoscript/fileName/SpriteOutlineModule.cs: 249fecf584323de7d2fd0b14e9a4944c -> 
  custom:scripting/monoscript/fileName/Blink.cs: b9fd39b54b16a9ec65c57f4056a88cf9 -> 
  custom:SearchIndexIgnoredProperties: e643bd26f0fe6173181afceb89e7c659 -> 
  custom:scripting/monoscript/fileName/Automat.cs: e4b38d3060dd058ca0d02f4d08ab9afe -> 
  custom:AudioImporter_EditorPlatform: d09bf68614088b80899f8185d706f6e7 -> 
  custom:scripting/monoscript/fileName/SpriteEditorUtility.cs: 7e2d1f2cb427fd67c5461f9431375c3a -> 
  custom:scripting/monoscript/fileName/SpriteSecondaryTexturesModule.cs: 8f361de5bdfd731e220c415240ad033f -> 
  custom:scripting/monoscript/fileName/Activator.cs: 9fab02d4a385fb5fbcec9e678f4ac55d -> 
  custom:scripting/monoscript/fileName/PlayerHealth.cs: 49f415306e52895faa0b0a35d62e54a1 -> 
  custom:scripting/monoscript/fileName/IGUIUtility.cs: cad79017f17454feb4e1799b1c42f87c -> 
  custom:scripting/monoscript/fileName/IHandles.cs: d2780a18a3844e49d490d68d5cb3d26a -> 
  custom:scripting/monoscript/fileName/RotateToPlayer.cs: 9d2403b98c14fc4c180fdb01b53bbded -> 
  custom:scripting/monoscript/fileName/TextureImporterDataProvider.cs: d68f5d5325387f4e38fdcf2610c72ce3 -> 
  custom:scripting/monoscript/fileName/Head.cs: a23c654dc8f9bb9d5d2cf983200d10c7 -> 
  custom:scripting/monoscript/fileName/SpriteEditorMenu.cs: f9042f312a91c162ede0d5de48225240 -> 
  custom:scripting/monoscript/fileName/Follow.cs: 04d7b2a4d28d75b3f1c1084a58bf5a59 -> 
  custom:scripting/monoscript/fileName/ISpriteEditorDataProvider.cs: 4c01add71bf03a3e1afff21bbd534ee9 -> 
  custom:scripting/monoscript/fileName/IUndoSystem.cs: 841a069a843e48d57d362ca08bca21d4 -> 
  custom:scripting/monoscript/fileName/SpritePolygonModeModuleView.cs: db8ddbee5a89c636987047f4602001ef -> 
  custom:scripting/monoscript/fileName/SpriteEditorData.cs: 79e0d970ecf11ef3020398e38672548f -> 
  custom:scripting/monoscript/fileName/ButtonAnimation.cs: 9ce2e6d788c20b190ba1416234fc8783 -> 
  custom:video-encoder-webm-vp8: eb34c28f22e8b96e1ab97ce403110664 -> 
  custom:audio-decoder-ogg-vorbis: bf7c407c2cedff20999df2af8eb42d56 -> 
  custom:scripting/monoscript/fileName/SpriteEditorWindowSettings.cs: 8e59c26ada2085b3ebaa83fd01af70e3 -> 
  custom:scripting/monoscript/fileName/SpriteFrameModuleBaseView.cs: 72abaa53c3c1184e23d4d9a45f62d8c2 -> 
  custom:scripting/monoscript/fileName/Bullet.cs: a4f5918e799041ba1f6608f13912eb8b -> 
  custom:scripting/monoscript/fileName/IAssetDatabase.cs: c40b958675a6cd5b519fa6ca497fede4 -> 
  custom:scripting/monoscript/fileName/SpriteFrameModule.cs: f07011b3ec3622062bef733dc29fedf0 -> 
  custom:scripting/monoscript/fileName/ShapeEditorRectSelection.cs: 1696d724b33ef6168949bbdce78d19c6 -> 
  custom:scripting/monoscript/fileName/MakeDamageOnCollision.cs: c891a89eb5a65e98845e1237a768e523 -> 
  custom:scripting/monoscript/fileName/TextureImporterDataProviderImplementation.cs: ffb9fda6ca225aa106e9fa84455f4e60 -> 
  custom:scripting/monoscript/fileName/LootHeal.cs: d242dead9ab382370dfbc718a5fa7782 -> 
  custom:scripting/monoscript/fileName/Acorn.cs: 6d31e9898c93ab5da12ae36ad800cd04 -> 
  custom:scripting/monoscript/fileName/HealthUI.cs: e5730cd433ba33635704a2f91c7245cc -> 
  custom:scripting/monoscript/fileName/Rocket.cs: c89f140985a71d5c067121f5cdce5fde -> 
  custom:audio-encoder-webm-vorbis: bf7c407c2cedff20999df2af8eb42d56 -> 
  custom:scripting/monoscript/fileName/Rotate.cs: 0640615e68ae415c8adb0535396b225d -> 
  custom:scripting/monoscript/fileName/SpriteUtilityWindow.cs: 4827aafd0c4d893166845eac1266c4ed -> 
  custom:scripting/monoscript/fileName/SpriteFrameModuleBase.cs: 82472910b376b3c28a6f5b31b28f5f51 -> 
  custom:scripting/monoscript/fileName/PlayerMove.cs: e1b5b1ca7ac5e05a4b47501120527237 -> 
  custom:scripting/monoscript/fileName/SelfDestruct.cs: c475b0b8d708de80fa1ed2a6b376ae19 -> 
  custom:scripting/monoscript/fileName/DamageScreen.cs: 5426b96a61dff56d771c8d081622e42f -> 
  custom:scripting/monoscript/fileName/SpriteFrameModuleView.cs: f07011b3ec3622062bef733dc29fedf0 -> 
========================================================================
Received Prepare
Begin MonoManager ReloadAssembly
- Loaded All Assemblies, in  0.690 seconds
Refreshing native plugins compatible for Editor in 3.04 ms, found 3 plugins.
Native extension for UWP target not found
Native extension for WindowsStandalone target not found
Native extension for iOS target not found
Native extension for Android target not found
Native extension for WebGL target not found
[Package Manager] Server::EnsureServerProcessIsRunning -- launch failed, reason: Unity was launched with the -noUpm command-line argument
[Package Manager] UpmClient::Send -- Unable to send message (not connected to UPM process).
[Package Manager] Cannot connect to Unity Package Manager local server
Mono: successfully reloaded assembly
- Finished resetting the current domain, in  1.068 seconds
Domain Reload Profiling: 1755ms
	BeginReloadAssembly (302ms)
		ExecutionOrderSort (0ms)
		DisableScriptedObjects (15ms)
		BackupInstance (0ms)
		ReleaseScriptingObjects (0ms)
		CreateAndSetChildDomain (53ms)
	RebuildCommonClasses (51ms)
	RebuildNativeTypeToScriptingClass (15ms)
	initialDomainReloadingComplete (38ms)
	LoadAllAssembliesAndSetupDomain (280ms)
		LoadAssemblies (425ms)
		RebuildTransferFunctionScriptingTraits (0ms)
		AnalyzeDomain (27ms)
			TypeCache.Refresh (13ms)
				TypeCache.ScanAssembly (0ms)
			ScanForSourceGeneratedMonoScriptInfo (8ms)
			ResolveRequiredComponents (5ms)
	FinalizeReload (1069ms)
		ReleaseScriptCaches (0ms)
		RebuildScriptCaches (0ms)
		SetupLoadedEditorAssemblies (529ms)
			LogAssemblyErrors (0ms)
			InitializePlatformSupportModulesInManaged (45ms)
			SetLoadedEditorAssemblies (4ms)
			RefreshPlugins (0ms)
			BeforeProcessingInitializeOnLoad (89ms)
			ProcessInitializeOnLoadAttributes (354ms)
			ProcessInitializeOnLoadMethodAttributes (28ms)
			AfterProcessingInitializeOnLoad (10ms)
			EditorAssembliesLoaded (0ms)
		ExecutionOrderSort2 (0ms)
		AwakeInstancesAfterBackupRestoration (9ms)
Refreshing native plugins compatible for Editor in 3.63 ms, found 3 plugins.
Preloading 0 native plugins for Editor in 0.00 ms.
Unloading 3077 Unused Serialized files (Serialized files now loaded: 0)
Unloading 22 unused Assets / (30.6 KB). Loaded Objects now: 3640.
Memory consumption went from 119.4 MB to 119.3 MB.
Total: 3.555400 ms (FindLiveObjects: 0.235200 ms CreateObjectMapping: 0.099100 ms MarkObjects: 3.132500 ms  DeleteObjects: 0.087200 ms)

Prepare: number of updated asset objects reloaded= 0
AssetImportParameters requested are different than current active one (requested -> active):
  custom:scripting/monoscript/fileName/Pistol.cs: 66289aa18d62a6128d9802144d35e825 -> 
  custom:scripting/monoscript/fileName/LootBullets.cs: 61befb4d2ce282d51d744ca094f266b3 -> 
  custom:container-demuxer-ogg: 62fdf1f143b41e24485cea50d1cbac27 -> 
  custom:scripting/monoscript/fileName/SpriteEditorWindow.cs: 1629bd700639d5abf7ee9c1a15128fda -> 
  custom:scripting/monoscript/fileName/SpriteRect.cs: 8da6d12a5fbd75a0eba31cfa62842428 -> 
  custom:scripting/monoscript/fileName/PlayerArmory.cs: 72b8be74aa198932918672e5b2d1c3ea -> 
  custom:scripting/monoscript/fileName/Menu.cs: 6a6b6f10406332b78ded19ddc96541c7 -> 
  custom:scripting/monoscript/fileName/GameManager.cs: 9933fbcc6190e2a9171c2ec8808a053e -> 
  custom:scripting/monoscript/fileName/SoundManager.cs: 97b8b7f19e31a376baf624982cbfe12a -> 
  custom:scripting/monoscript/fileName/ISpriteEditorModule.cs: f35f8b8d39dcfd448fbbe9ea48566c2f -> 
  custom:scripting/monoscript/fileName/Hen.cs: 0717be46ddae3255e9a66e010e912baa -> 
  custom:scripting/monoscript/fileName/TakeDamageOnTrigger.cs: c431a7ee411ec1687e977f029f04fc14 -> 
  custom:scripting/monoscript/fileName/PrefabCreator.cs: 456abbe3eb45d979e3eb9a2c51803681 -> 
  custom:video-decoder-ogg-theora: a1e56fd34408186e4bbccfd4996cb3dc -> 
  custom:scripting/monoscript/fileName/MenuItems.cs: 3ea3522373e3b4d2ef39113c39531efd -> 
  custom:scripting/monoscript/fileName/Pointer.cs: d7f1f9138c5a08fb2eb7d9961697bfe7 -> 
  custom:scripting/monoscript/fileName/DefaultSpriteNameFileIdDataProvider.cs: cd965ed390b21ec0302c3211a9f903ff -> 
  custom:framework-win-MediaFoundation: 216162199b28c13a410421893ffa2e32 -> 
  custom:scripting/monoscript/fileName/ShapeEditor.cs: 7eba0c642af179a392c34e527393b30b -> 
  custom:scripting/monoscript/fileName/BatchPrefabCreator.cs: 3a5a0e4c54d125c34c7cf7bf204fff66 -> 
  custom:scripting/monoscript/fileName/Gun.cs: 7d05faef1ad0b187da47b70860e6ba9a -> 
  custom:scripting/monoscript/fileName/EnemyHealth.cs: a4d027726692f4f1a1dc379aafbb87e2 -> 
  custom:scripting/monoscript/fileName/SpritePolygonModeModule.cs: 8b4aa126b968b0772b9e20476364e690 -> 
  custom:scripting/monoscript/fileName/ItemCreationUtility.cs: d1c4ddba747ed633116f555c0d69ace7 -> 
  custom:scripting/monoscript/fileName/RotateToTargetEuler.cs: 3c25a53a8109c759f80f1da73db6dd52 -> 
  custom:scripting/monoscript/fileName/TakeDamageOnCollision.cs: acc97693ea9e5ea837a7218b4afb93b0 -> 
  custom:scripting/monoscript/fileName/ActivateByDistance.cs: 734949179646c69c8b32c1848b06046d -> 
  custom:CustomObjectIndexerAttribute: 756ad292c208cfabdd7b50bc23989ffe -> 
  custom:scripting/monoscript/fileName/SetTriggerEveryNSeconds.cs: 12c24bf03fc307e59d34ac40c9aa159f -> 
  custom:scripting/monoscript/fileName/RayGizmo.cs: 224f479f6ddf0dbe6c4f51b910d39946 -> 
  custom:scripting/monoscript/fileName/SpriteEditorHandles.cs: 8b78502b9b56b3c556563a6e935b52ad -> 
  custom:scripting/monoscript/fileName/ChargeIcon.cs: 283102bca38cd0be80d00643b3127366 -> 
  custom:container-demuxer-webm: 4f35f7cbe854078d1ac9338744f61a02 -> 
  custom:scripting/monoscript/fileName/Walker.cs: 7d5611d0bf86c6a16ba258d07f8dbaec -> 
  custom:scripting/monoscript/fileName/EventsArray.cs: c533851b67810d6e0c5d80968905121c -> 
  custom:scripting/monoscript/fileName/MakeDamageOnTrigger.cs: d6341046a6cf053218da763953401c19 -> 
  custom:scripting/monoscript/fileName/SpriteNameFileIdPair.cs: 8dab74045e538d5698ea3c4caed3e48c -> 
  custom:scripting/monoscript/fileName/IGL.cs: 8903f8a1304142ec1aefe33b7a4db28c -> 
  custom:scripting/monoscript/fileName/JumpGun.cs: 43d1f7baff6fd5cbb745cc84f9369f18 -> 
  custom:scripting/monoscript/fileName/SpritePhysicsShapeModule.cs: 35688b9e178698712b557d50761dc7c2 -> 
  custom:scripting/monoscript/fileName/ITexture.cs: dbb4c87e1c028ce779185d5d3d566460 -> 
  custom:scripting/monoscript/fileName/Carrot.cs: e4acc89e4f0644f074ecee6904082512 -> 
  custom:scripting/monoscript/fileName/TimeManager.cs: ee896401883365d64d0753163ba65eb8 -> 
  custom:container-muxer-webm: aa71ff27fc2769a1b78a27578f13a17b -> 
  custom:scripting/monoscript/fileName/IEvent.cs: c25d501578d8ebe48d7b30415b0df4c5 -> 
  custom:video-decoder-webm-vp8: 9c59270c3fd7afecdb556c50c9e8de78 -> 
  custom:scripting/monoscript/fileName/SpriteOutlineModule.cs: 249fecf584323de7d2fd0b14e9a4944c -> 
  custom:scripting/monoscript/fileName/Blink.cs: b9fd39b54b16a9ec65c57f4056a88cf9 -> 
  custom:SearchIndexIgnoredProperties: e643bd26f0fe6173181afceb89e7c659 -> 
  custom:scripting/monoscript/fileName/Automat.cs: e4b38d3060dd058ca0d02f4d08ab9afe -> 
  custom:AudioImporter_EditorPlatform: d09bf68614088b80899f8185d706f6e7 -> 
  custom:scripting/monoscript/fileName/SpriteEditorUtility.cs: 7e2d1f2cb427fd67c5461f9431375c3a -> 
  custom:scripting/monoscript/fileName/SpriteSecondaryTexturesModule.cs: 8f361de5bdfd731e220c415240ad033f -> 
  custom:scripting/monoscript/fileName/Activator.cs: 9fab02d4a385fb5fbcec9e678f4ac55d -> 
  custom:scripting/monoscript/fileName/PlayerHealth.cs: 49f415306e52895faa0b0a35d62e54a1 -> 
  custom:scripting/monoscript/fileName/IGUIUtility.cs: cad79017f17454feb4e1799b1c42f87c -> 
  custom:scripting/monoscript/fileName/IHandles.cs: d2780a18a3844e49d490d68d5cb3d26a -> 
  custom:scripting/monoscript/fileName/RotateToPlayer.cs: 9d2403b98c14fc4c180fdb01b53bbded -> 
  custom:scripting/monoscript/fileName/TextureImporterDataProvider.cs: d68f5d5325387f4e38fdcf2610c72ce3 -> 
  custom:scripting/monoscript/fileName/Head.cs: a23c654dc8f9bb9d5d2cf983200d10c7 -> 
  custom:scripting/monoscript/fileName/SpriteEditorMenu.cs: f9042f312a91c162ede0d5de48225240 -> 
  custom:scripting/monoscript/fileName/Follow.cs: 04d7b2a4d28d75b3f1c1084a58bf5a59 -> 
  custom:scripting/monoscript/fileName/ISpriteEditorDataProvider.cs: 4c01add71bf03a3e1afff21bbd534ee9 -> 
  custom:scripting/monoscript/fileName/IUndoSystem.cs: 841a069a843e48d57d362ca08bca21d4 -> 
  custom:scripting/monoscript/fileName/SpritePolygonModeModuleView.cs: db8ddbee5a89c636987047f4602001ef -> 
  custom:scripting/monoscript/fileName/SpriteEditorData.cs: 79e0d970ecf11ef3020398e38672548f -> 
  custom:scripting/monoscript/fileName/ButtonAnimation.cs: 9ce2e6d788c20b190ba1416234fc8783 -> 
  custom:video-encoder-webm-vp8: eb34c28f22e8b96e1ab97ce403110664 -> 
  custom:audio-decoder-ogg-vorbis: bf7c407c2cedff20999df2af8eb42d56 -> 
  custom:scripting/monoscript/fileName/SpriteEditorWindowSettings.cs: 8e59c26ada2085b3ebaa83fd01af70e3 -> 
  custom:scripting/monoscript/fileName/SpriteFrameModuleBaseView.cs: 72abaa53c3c1184e23d4d9a45f62d8c2 -> 
  custom:scripting/monoscript/fileName/Bullet.cs: a4f5918e799041ba1f6608f13912eb8b -> 
  custom:scripting/monoscript/fileName/IAssetDatabase.cs: c40b958675a6cd5b519fa6ca497fede4 -> 
  custom:scripting/monoscript/fileName/SpriteFrameModule.cs: f07011b3ec3622062bef733dc29fedf0 -> 
  custom:scripting/monoscript/fileName/ShapeEditorRectSelection.cs: 1696d724b33ef6168949bbdce78d19c6 -> 
  custom:scripting/monoscript/fileName/MakeDamageOnCollision.cs: c891a89eb5a65e98845e1237a768e523 -> 
  custom:scripting/monoscript/fileName/TextureImporterDataProviderImplementation.cs: ffb9fda6ca225aa106e9fa84455f4e60 -> 
  custom:scripting/monoscript/fileName/LootHeal.cs: d242dead9ab382370dfbc718a5fa7782 -> 
  custom:scripting/monoscript/fileName/Acorn.cs: 6d31e9898c93ab5da12ae36ad800cd04 -> 
  custom:scripting/monoscript/fileName/HealthUI.cs: e5730cd433ba33635704a2f91c7245cc -> 
  custom:scripting/monoscript/fileName/Rocket.cs: c89f140985a71d5c067121f5cdce5fde -> 
  custom:audio-encoder-webm-vorbis: bf7c407c2cedff20999df2af8eb42d56 -> 
  custom:scripting/monoscript/fileName/Rotate.cs: 0640615e68ae415c8adb0535396b225d -> 
  custom:scripting/monoscript/fileName/SpriteUtilityWindow.cs: 4827aafd0c4d893166845eac1266c4ed -> 
  custom:scripting/monoscript/fileName/SpriteFrameModuleBase.cs: 82472910b376b3c28a6f5b31b28f5f51 -> 
  custom:scripting/monoscript/fileName/PlayerMove.cs: e1b5b1ca7ac5e05a4b47501120527237 -> 
  custom:scripting/monoscript/fileName/SelfDestruct.cs: c475b0b8d708de80fa1ed2a6b376ae19 -> 
  custom:scripting/monoscript/fileName/DamageScreen.cs: 5426b96a61dff56d771c8d081622e42f -> 
  custom:scripting/monoscript/fileName/SpriteFrameModuleView.cs: f07011b3ec3622062bef733dc29fedf0 -> 
========================================================================
Received Prepare
Begin MonoManager ReloadAssembly
- Loaded All Assemblies, in  0.581 seconds
Refreshing native plugins compatible for Editor in 4.42 ms, found 3 plugins.
Native extension for UWP target not found
Native extension for WindowsStandalone target not found
Native extension for iOS target not found
Native extension for Android target not found
Native extension for WebGL target not found
[Package Manager] Server::EnsureServerProcessIsRunning -- launch failed, reason: Unity was launched with the -noUpm command-line argument
[Package Manager] UpmClient::Send -- Unable to send message (not connected to UPM process).
[Package Manager] Cannot connect to Unity Package Manager local server
Mono: successfully reloaded assembly
- Finished resetting the current domain, in  2.486 seconds
Domain Reload Profiling: 3065ms
	BeginReloadAssembly (200ms)
		ExecutionOrderSort (0ms)
		DisableScriptedObjects (6ms)
		BackupInstance (0ms)
		ReleaseScriptingObjects (0ms)
		CreateAndSetChildDomain (43ms)
	RebuildCommonClasses (49ms)
	RebuildNativeTypeToScriptingClass (21ms)
	initialDomainReloadingComplete (44ms)
	LoadAllAssembliesAndSetupDomain (263ms)
		LoadAssemblies (363ms)
		RebuildTransferFunctionScriptingTraits (0ms)
		AnalyzeDomain (14ms)
			TypeCache.Refresh (7ms)
				TypeCache.ScanAssembly (0ms)
			ScanForSourceGeneratedMonoScriptInfo (0ms)
			ResolveRequiredComponents (5ms)
	FinalizeReload (2488ms)
		ReleaseScriptCaches (0ms)
		RebuildScriptCaches (0ms)
		SetupLoadedEditorAssemblies (1303ms)
			LogAssemblyErrors (0ms)
			InitializePlatformSupportModulesInManaged (134ms)
			SetLoadedEditorAssemblies (8ms)
			RefreshPlugins (0ms)
			BeforeProcessingInitializeOnLoad (228ms)
			ProcessInitializeOnLoadAttributes (819ms)
			ProcessInitializeOnLoadMethodAttributes (65ms)
			AfterProcessingInitializeOnLoad (49ms)
			EditorAssembliesLoaded (0ms)
		ExecutionOrderSort2 (0ms)
		AwakeInstancesAfterBackupRestoration (27ms)
Refreshing native plugins compatible for Editor in 7.36 ms, found 3 plugins.
Preloading 0 native plugins for Editor in 0.00 ms.
Unloading 3077 Unused Serialized files (Serialized files now loaded: 0)
Unloading 22 unused Assets / (30.6 KB). Loaded Objects now: 3643.
Memory consumption went from 119.4 MB to 119.3 MB.
Total: 16.123500 ms (FindLiveObjects: 1.162200 ms CreateObjectMapping: 2.617700 ms MarkObjects: 12.256100 ms  DeleteObjects: 0.085100 ms)

Prepare: number of updated asset objects reloaded= 0
AssetImportParameters requested are different than current active one (requested -> active):
  custom:scripting/monoscript/fileName/Pistol.cs: 66289aa18d62a6128d9802144d35e825 -> 
  custom:scripting/monoscript/fileName/LootBullets.cs: 61befb4d2ce282d51d744ca094f266b3 -> 
  custom:container-demuxer-ogg: 62fdf1f143b41e24485cea50d1cbac27 -> 
  custom:scripting/monoscript/fileName/SpriteEditorWindow.cs: 1629bd700639d5abf7ee9c1a15128fda -> 
  custom:scripting/monoscript/fileName/SpriteRect.cs: 8da6d12a5fbd75a0eba31cfa62842428 -> 
  custom:scripting/monoscript/fileName/PlayerArmory.cs: 72b8be74aa198932918672e5b2d1c3ea -> 
  custom:scripting/monoscript/fileName/Menu.cs: 6a6b6f10406332b78ded19ddc96541c7 -> 
  custom:scripting/monoscript/fileName/GameManager.cs: 9933fbcc6190e2a9171c2ec8808a053e -> 
  custom:scripting/monoscript/fileName/SoundManager.cs: 97b8b7f19e31a376baf624982cbfe12a -> 
  custom:scripting/monoscript/fileName/ISpriteEditorModule.cs: f35f8b8d39dcfd448fbbe9ea48566c2f -> 
  custom:scripting/monoscript/fileName/Hen.cs: 0717be46ddae3255e9a66e010e912baa -> 
  custom:scripting/monoscript/fileName/TakeDamageOnTrigger.cs: c431a7ee411ec1687e977f029f04fc14 -> 
  custom:scripting/monoscript/fileName/PrefabCreator.cs: 456abbe3eb45d979e3eb9a2c51803681 -> 
  custom:video-decoder-ogg-theora: a1e56fd34408186e4bbccfd4996cb3dc -> 
  custom:scripting/monoscript/fileName/MenuItems.cs: 3ea3522373e3b4d2ef39113c39531efd -> 
  custom:scripting/monoscript/fileName/Pointer.cs: d7f1f9138c5a08fb2eb7d9961697bfe7 -> 
  custom:scripting/monoscript/fileName/DefaultSpriteNameFileIdDataProvider.cs: cd965ed390b21ec0302c3211a9f903ff -> 
  custom:framework-win-MediaFoundation: 216162199b28c13a410421893ffa2e32 -> 
  custom:scripting/monoscript/fileName/ShapeEditor.cs: 7eba0c642af179a392c34e527393b30b -> 
  custom:scripting/monoscript/fileName/BatchPrefabCreator.cs: 3a5a0e4c54d125c34c7cf7bf204fff66 -> 
  custom:scripting/monoscript/fileName/Gun.cs: 7d05faef1ad0b187da47b70860e6ba9a -> 
  custom:scripting/monoscript/fileName/EnemyHealth.cs: a4d027726692f4f1a1dc379aafbb87e2 -> 
  custom:scripting/monoscript/fileName/SpritePolygonModeModule.cs: 8b4aa126b968b0772b9e20476364e690 -> 
  custom:scripting/monoscript/fileName/ItemCreationUtility.cs: d1c4ddba747ed633116f555c0d69ace7 -> 
  custom:scripting/monoscript/fileName/RotateToTargetEuler.cs: 3c25a53a8109c759f80f1da73db6dd52 -> 
  custom:scripting/monoscript/fileName/TakeDamageOnCollision.cs: acc97693ea9e5ea837a7218b4afb93b0 -> 
  custom:scripting/monoscript/fileName/ActivateByDistance.cs: 734949179646c69c8b32c1848b06046d -> 
  custom:CustomObjectIndexerAttribute: 756ad292c208cfabdd7b50bc23989ffe -> 
  custom:scripting/monoscript/fileName/SetTriggerEveryNSeconds.cs: 12c24bf03fc307e59d34ac40c9aa159f -> 
  custom:scripting/monoscript/fileName/RayGizmo.cs: 224f479f6ddf0dbe6c4f51b910d39946 -> 
  custom:scripting/monoscript/fileName/SpriteEditorHandles.cs: 8b78502b9b56b3c556563a6e935b52ad -> 
  custom:scripting/monoscript/fileName/ChargeIcon.cs: 283102bca38cd0be80d00643b3127366 -> 
  custom:container-demuxer-webm: 4f35f7cbe854078d1ac9338744f61a02 -> 
  custom:scripting/monoscript/fileName/Walker.cs: 7d5611d0bf86c6a16ba258d07f8dbaec -> 
  custom:scripting/monoscript/fileName/EventsArray.cs: c533851b67810d6e0c5d80968905121c -> 
  custom:scripting/monoscript/fileName/MakeDamageOnTrigger.cs: d6341046a6cf053218da763953401c19 -> 
  custom:scripting/monoscript/fileName/SpriteNameFileIdPair.cs: 8dab74045e538d5698ea3c4caed3e48c -> 
  custom:scripting/monoscript/fileName/IGL.cs: 8903f8a1304142ec1aefe33b7a4db28c -> 
  custom:scripting/monoscript/fileName/JumpGun.cs: 43d1f7baff6fd5cbb745cc84f9369f18 -> 
  custom:scripting/monoscript/fileName/SpritePhysicsShapeModule.cs: 35688b9e178698712b557d50761dc7c2 -> 
  custom:scripting/monoscript/fileName/ITexture.cs: dbb4c87e1c028ce779185d5d3d566460 -> 
  custom:scripting/monoscript/fileName/Carrot.cs: e4acc89e4f0644f074ecee6904082512 -> 
  custom:scripting/monoscript/fileName/TimeManager.cs: ee896401883365d64d0753163ba65eb8 -> 
  custom:container-muxer-webm: aa71ff27fc2769a1b78a27578f13a17b -> 
  custom:scripting/monoscript/fileName/IEvent.cs: c25d501578d8ebe48d7b30415b0df4c5 -> 
  custom:video-decoder-webm-vp8: 9c59270c3fd7afecdb556c50c9e8de78 -> 
  custom:scripting/monoscript/fileName/SpriteOutlineModule.cs: 249fecf584323de7d2fd0b14e9a4944c -> 
  custom:scripting/monoscript/fileName/Blink.cs: b9fd39b54b16a9ec65c57f4056a88cf9 -> 
  custom:SearchIndexIgnoredProperties: e643bd26f0fe6173181afceb89e7c659 -> 
  custom:scripting/monoscript/fileName/Automat.cs: e4b38d3060dd058ca0d02f4d08ab9afe -> 
  custom:AudioImporter_EditorPlatform: d09bf68614088b80899f8185d706f6e7 -> 
  custom:scripting/monoscript/fileName/SpriteEditorUtility.cs: 7e2d1f2cb427fd67c5461f9431375c3a -> 
  custom:scripting/monoscript/fileName/SpriteSecondaryTexturesModule.cs: 8f361de5bdfd731e220c415240ad033f -> 
  custom:scripting/monoscript/fileName/Activator.cs: 9fab02d4a385fb5fbcec9e678f4ac55d -> 
  custom:scripting/monoscript/fileName/PlayerHealth.cs: 49f415306e52895faa0b0a35d62e54a1 -> 
  custom:scripting/monoscript/fileName/IGUIUtility.cs: cad79017f17454feb4e1799b1c42f87c -> 
  custom:scripting/monoscript/fileName/IHandles.cs: d2780a18a3844e49d490d68d5cb3d26a -> 
  custom:scripting/monoscript/fileName/RotateToPlayer.cs: 9d2403b98c14fc4c180fdb01b53bbded -> 
  custom:scripting/monoscript/fileName/TextureImporterDataProvider.cs: d68f5d5325387f4e38fdcf2610c72ce3 -> 
  custom:scripting/monoscript/fileName/Head.cs: a23c654dc8f9bb9d5d2cf983200d10c7 -> 
  custom:scripting/monoscript/fileName/SpriteEditorMenu.cs: f9042f312a91c162ede0d5de48225240 -> 
  custom:scripting/monoscript/fileName/Follow.cs: 04d7b2a4d28d75b3f1c1084a58bf5a59 -> 
  custom:scripting/monoscript/fileName/ISpriteEditorDataProvider.cs: 4c01add71bf03a3e1afff21bbd534ee9 -> 
  custom:scripting/monoscript/fileName/IUndoSystem.cs: 841a069a843e48d57d362ca08bca21d4 -> 
  custom:scripting/monoscript/fileName/SpritePolygonModeModuleView.cs: db8ddbee5a89c636987047f4602001ef -> 
  custom:scripting/monoscript/fileName/SpriteEditorData.cs: 79e0d970ecf11ef3020398e38672548f -> 
  custom:scripting/monoscript/fileName/ButtonAnimation.cs: 9ce2e6d788c20b190ba1416234fc8783 -> 
  custom:video-encoder-webm-vp8: eb34c28f22e8b96e1ab97ce403110664 -> 
  custom:audio-decoder-ogg-vorbis: bf7c407c2cedff20999df2af8eb42d56 -> 
  custom:scripting/monoscript/fileName/SpriteEditorWindowSettings.cs: 8e59c26ada2085b3ebaa83fd01af70e3 -> 
  custom:scripting/monoscript/fileName/SpriteFrameModuleBaseView.cs: 72abaa53c3c1184e23d4d9a45f62d8c2 -> 
  custom:scripting/monoscript/fileName/Bullet.cs: a4f5918e799041ba1f6608f13912eb8b -> 
  custom:scripting/monoscript/fileName/IAssetDatabase.cs: c40b958675a6cd5b519fa6ca497fede4 -> 
  custom:scripting/monoscript/fileName/SpriteFrameModule.cs: f07011b3ec3622062bef733dc29fedf0 -> 
  custom:scripting/monoscript/fileName/ShapeEditorRectSelection.cs: 1696d724b33ef6168949bbdce78d19c6 -> 
  custom:scripting/monoscript/fileName/MakeDamageOnCollision.cs: c891a89eb5a65e98845e1237a768e523 -> 
  custom:scripting/monoscript/fileName/TextureImporterDataProviderImplementation.cs: ffb9fda6ca225aa106e9fa84455f4e60 -> 
  custom:scripting/monoscript/fileName/LootHeal.cs: d242dead9ab382370dfbc718a5fa7782 -> 
  custom:scripting/monoscript/fileName/Acorn.cs: 6d31e9898c93ab5da12ae36ad800cd04 -> 
  custom:scripting/monoscript/fileName/HealthUI.cs: e5730cd433ba33635704a2f91c7245cc -> 
  custom:scripting/monoscript/fileName/Rocket.cs: c89f140985a71d5c067121f5cdce5fde -> 
  custom:audio-encoder-webm-vorbis: bf7c407c2cedff20999df2af8eb42d56 -> 
  custom:scripting/monoscript/fileName/Rotate.cs: 0640615e68ae415c8adb0535396b225d -> 
  custom:scripting/monoscript/fileName/SpriteUtilityWindow.cs: 4827aafd0c4d893166845eac1266c4ed -> 
  custom:scripting/monoscript/fileName/SpriteFrameModuleBase.cs: 82472910b376b3c28a6f5b31b28f5f51 -> 
  custom:scripting/monoscript/fileName/PlayerMove.cs: e1b5b1ca7ac5e05a4b47501120527237 -> 
  custom:scripting/monoscript/fileName/SelfDestruct.cs: c475b0b8d708de80fa1ed2a6b376ae19 -> 
  custom:scripting/monoscript/fileName/DamageScreen.cs: 5426b96a61dff56d771c8d081622e42f -> 
  custom:scripting/monoscript/fileName/SpriteFrameModuleView.cs: f07011b3ec3622062bef733dc29fedf0 -> 
========================================================================
Received Prepare
Begin MonoManager ReloadAssembly
- Loaded All Assemblies, in  0.938 seconds
Refreshing native plugins compatible for Editor in 5.24 ms, found 3 plugins.
Native extension for UWP target not found
Native extension for WindowsStandalone target not found
Native extension for iOS target not found
Native extension for Android target not found
Native extension for WebGL target not found
[Package Manager] Server::EnsureServerProcessIsRunning -- launch failed, reason: Unity was launched with the -noUpm command-line argument
[Package Manager] UpmClient::Send -- Unable to send message (not connected to UPM process).
[Package Manager] Cannot connect to Unity Package Manager local server
Mono: successfully reloaded assembly
- Finished resetting the current domain, in  1.245 seconds
Domain Reload Profiling: 2179ms
	BeginReloadAssembly (338ms)
		ExecutionOrderSort (0ms)
		DisableScriptedObjects (12ms)
		BackupInstance (0ms)
		ReleaseScriptingObjects (0ms)
		CreateAndSetChildDomain (82ms)
	RebuildCommonClasses (65ms)
	RebuildNativeTypeToScriptingClass (22ms)
	initialDomainReloadingComplete (106ms)
	LoadAllAssembliesAndSetupDomain (403ms)
		LoadAssemblies (551ms)
		RebuildTransferFunctionScriptingTraits (0ms)
		AnalyzeDomain (44ms)
			TypeCache.Refresh (20ms)
				TypeCache.ScanAssembly (1ms)
			ScanForSourceGeneratedMonoScriptInfo (16ms)
			ResolveRequiredComponents (7ms)
	FinalizeReload (1246ms)
		ReleaseScriptCaches (0ms)
		RebuildScriptCaches (0ms)
		SetupLoadedEditorAssemblies (482ms)
			LogAssemblyErrors (0ms)
			InitializePlatformSupportModulesInManaged (59ms)
			SetLoadedEditorAssemblies (4ms)
			RefreshPlugins (0ms)
			BeforeProcessingInitializeOnLoad (73ms)
			ProcessInitializeOnLoadAttributes (314ms)
			ProcessInitializeOnLoadMethodAttributes (23ms)
			AfterProcessingInitializeOnLoad (9ms)
			EditorAssembliesLoaded (0ms)
		ExecutionOrderSort2 (0ms)
		AwakeInstancesAfterBackupRestoration (11ms)
Refreshing native plugins compatible for Editor in 2.62 ms, found 3 plugins.
Preloading 0 native plugins for Editor in 0.00 ms.
Unloading 3077 Unused Serialized files (Serialized files now loaded: 0)
Unloading 22 unused Assets / (30.5 KB). Loaded Objects now: 3646.
Memory consumption went from 119.4 MB to 119.3 MB.
Total: 2.999100 ms (FindLiveObjects: 0.244100 ms CreateObjectMapping: 0.114700 ms MarkObjects: 2.583300 ms  DeleteObjects: 0.056000 ms)

Prepare: number of updated asset objects reloaded= 0
AssetImportParameters requested are different than current active one (requested -> active):
  custom:scripting/monoscript/fileName/Pistol.cs: 66289aa18d62a6128d9802144d35e825 -> 
  custom:scripting/monoscript/fileName/LootBullets.cs: 61befb4d2ce282d51d744ca094f266b3 -> 
  custom:container-demuxer-ogg: 62fdf1f143b41e24485cea50d1cbac27 -> 
  custom:scripting/monoscript/fileName/SpriteEditorWindow.cs: 1629bd700639d5abf7ee9c1a15128fda -> 
  custom:scripting/monoscript/fileName/SpriteRect.cs: 8da6d12a5fbd75a0eba31cfa62842428 -> 
  custom:scripting/monoscript/fileName/PlayerArmory.cs: 72b8be74aa198932918672e5b2d1c3ea -> 
  custom:scripting/monoscript/fileName/Menu.cs: 6a6b6f10406332b78ded19ddc96541c7 -> 
  custom:scripting/monoscript/fileName/GameManager.cs: 9933fbcc6190e2a9171c2ec8808a053e -> 
  custom:scripting/monoscript/fileName/SoundManager.cs: 97b8b7f19e31a376baf624982cbfe12a -> 
  custom:scripting/monoscript/fileName/ISpriteEditorModule.cs: f35f8b8d39dcfd448fbbe9ea48566c2f -> 
  custom:scripting/monoscript/fileName/Hen.cs: 0717be46ddae3255e9a66e010e912baa -> 
  custom:scripting/monoscript/fileName/TakeDamageOnTrigger.cs: c431a7ee411ec1687e977f029f04fc14 -> 
  custom:scripting/monoscript/fileName/PrefabCreator.cs: 456abbe3eb45d979e3eb9a2c51803681 -> 
  custom:video-decoder-ogg-theora: a1e56fd34408186e4bbccfd4996cb3dc -> 
  custom:scripting/monoscript/fileName/MenuItems.cs: 3ea3522373e3b4d2ef39113c39531efd -> 
  custom:scripting/monoscript/fileName/Pointer.cs: d7f1f9138c5a08fb2eb7d9961697bfe7 -> 
  custom:scripting/monoscript/fileName/DefaultSpriteNameFileIdDataProvider.cs: cd965ed390b21ec0302c3211a9f903ff -> 
  custom:framework-win-MediaFoundation: 216162199b28c13a410421893ffa2e32 -> 
  custom:scripting/monoscript/fileName/ShapeEditor.cs: 7eba0c642af179a392c34e527393b30b -> 
  custom:scripting/monoscript/fileName/BatchPrefabCreator.cs: 3a5a0e4c54d125c34c7cf7bf204fff66 -> 
  custom:scripting/monoscript/fileName/Gun.cs: 7d05faef1ad0b187da47b70860e6ba9a -> 
  custom:scripting/monoscript/fileName/EnemyHealth.cs: a4d027726692f4f1a1dc379aafbb87e2 -> 
  custom:scripting/monoscript/fileName/SpritePolygonModeModule.cs: 8b4aa126b968b0772b9e20476364e690 -> 
  custom:scripting/monoscript/fileName/ItemCreationUtility.cs: d1c4ddba747ed633116f555c0d69ace7 -> 
  custom:scripting/monoscript/fileName/RotateToTargetEuler.cs: 3c25a53a8109c759f80f1da73db6dd52 -> 
  custom:scripting/monoscript/fileName/TakeDamageOnCollision.cs: acc97693ea9e5ea837a7218b4afb93b0 -> 
  custom:scripting/monoscript/fileName/ActivateByDistance.cs: 734949179646c69c8b32c1848b06046d -> 
  custom:CustomObjectIndexerAttribute: 756ad292c208cfabdd7b50bc23989ffe -> 
  custom:scripting/monoscript/fileName/SetTriggerEveryNSeconds.cs: 12c24bf03fc307e59d34ac40c9aa159f -> 
  custom:scripting/monoscript/fileName/RayGizmo.cs: 224f479f6ddf0dbe6c4f51b910d39946 -> 
  custom:scripting/monoscript/fileName/SpriteEditorHandles.cs: 8b78502b9b56b3c556563a6e935b52ad -> 
  custom:scripting/monoscript/fileName/ChargeIcon.cs: 283102bca38cd0be80d00643b3127366 -> 
  custom:container-demuxer-webm: 4f35f7cbe854078d1ac9338744f61a02 -> 
  custom:scripting/monoscript/fileName/Walker.cs: 7d5611d0bf86c6a16ba258d07f8dbaec -> 
  custom:scripting/monoscript/fileName/EventsArray.cs: c533851b67810d6e0c5d80968905121c -> 
  custom:scripting/monoscript/fileName/MakeDamageOnTrigger.cs: d6341046a6cf053218da763953401c19 -> 
  custom:scripting/monoscript/fileName/SpriteNameFileIdPair.cs: 8dab74045e538d5698ea3c4caed3e48c -> 
  custom:scripting/monoscript/fileName/IGL.cs: 8903f8a1304142ec1aefe33b7a4db28c -> 
  custom:scripting/monoscript/fileName/JumpGun.cs: 43d1f7baff6fd5cbb745cc84f9369f18 -> 
  custom:scripting/monoscript/fileName/SpritePhysicsShapeModule.cs: 35688b9e178698712b557d50761dc7c2 -> 
  custom:scripting/monoscript/fileName/ITexture.cs: dbb4c87e1c028ce779185d5d3d566460 -> 
  custom:scripting/monoscript/fileName/Carrot.cs: e4acc89e4f0644f074ecee6904082512 -> 
  custom:scripting/monoscript/fileName/TimeManager.cs: ee896401883365d64d0753163ba65eb8 -> 
  custom:container-muxer-webm: aa71ff27fc2769a1b78a27578f13a17b -> 
  custom:scripting/monoscript/fileName/IEvent.cs: c25d501578d8ebe48d7b30415b0df4c5 -> 
  custom:video-decoder-webm-vp8: 9c59270c3fd7afecdb556c50c9e8de78 -> 
  custom:scripting/monoscript/fileName/SpriteOutlineModule.cs: 249fecf584323de7d2fd0b14e9a4944c -> 
  custom:scripting/monoscript/fileName/Blink.cs: b9fd39b54b16a9ec65c57f4056a88cf9 -> 
  custom:SearchIndexIgnoredProperties: e643bd26f0fe6173181afceb89e7c659 -> 
  custom:scripting/monoscript/fileName/Automat.cs: e4b38d3060dd058ca0d02f4d08ab9afe -> 
  custom:AudioImporter_EditorPlatform: d09bf68614088b80899f8185d706f6e7 -> 
  custom:scripting/monoscript/fileName/SpriteEditorUtility.cs: 7e2d1f2cb427fd67c5461f9431375c3a -> 
  custom:scripting/monoscript/fileName/SpriteSecondaryTexturesModule.cs: 8f361de5bdfd731e220c415240ad033f -> 
  custom:scripting/monoscript/fileName/Activator.cs: 9fab02d4a385fb5fbcec9e678f4ac55d -> 
  custom:scripting/monoscript/fileName/PlayerHealth.cs: 49f415306e52895faa0b0a35d62e54a1 -> 
  custom:scripting/monoscript/fileName/IGUIUtility.cs: cad79017f17454feb4e1799b1c42f87c -> 
  custom:scripting/monoscript/fileName/IHandles.cs: d2780a18a3844e49d490d68d5cb3d26a -> 
  custom:scripting/monoscript/fileName/RotateToPlayer.cs: 9d2403b98c14fc4c180fdb01b53bbded -> 
  custom:scripting/monoscript/fileName/TextureImporterDataProvider.cs: d68f5d5325387f4e38fdcf2610c72ce3 -> 
  custom:scripting/monoscript/fileName/Head.cs: a23c654dc8f9bb9d5d2cf983200d10c7 -> 
  custom:scripting/monoscript/fileName/SpriteEditorMenu.cs: f9042f312a91c162ede0d5de48225240 -> 
  custom:scripting/monoscript/fileName/Follow.cs: 04d7b2a4d28d75b3f1c1084a58bf5a59 -> 
  custom:scripting/monoscript/fileName/ISpriteEditorDataProvider.cs: 4c01add71bf03a3e1afff21bbd534ee9 -> 
  custom:scripting/monoscript/fileName/IUndoSystem.cs: 841a069a843e48d57d362ca08bca21d4 -> 
  custom:scripting/monoscript/fileName/SpritePolygonModeModuleView.cs: db8ddbee5a89c636987047f4602001ef -> 
  custom:scripting/monoscript/fileName/SpriteEditorData.cs: 79e0d970ecf11ef3020398e38672548f -> 
  custom:scripting/monoscript/fileName/ButtonAnimation.cs: 9ce2e6d788c20b190ba1416234fc8783 -> 
  custom:video-encoder-webm-vp8: eb34c28f22e8b96e1ab97ce403110664 -> 
  custom:audio-decoder-ogg-vorbis: bf7c407c2cedff20999df2af8eb42d56 -> 
  custom:scripting/monoscript/fileName/SpriteEditorWindowSettings.cs: 8e59c26ada2085b3ebaa83fd01af70e3 -> 
  custom:scripting/monoscript/fileName/SpriteFrameModuleBaseView.cs: 72abaa53c3c1184e23d4d9a45f62d8c2 -> 
  custom:scripting/monoscript/fileName/Bullet.cs: a4f5918e799041ba1f6608f13912eb8b -> 
  custom:scripting/monoscript/fileName/IAssetDatabase.cs: c40b958675a6cd5b519fa6ca497fede4 -> 
  custom:scripting/monoscript/fileName/SpriteFrameModule.cs: f07011b3ec3622062bef733dc29fedf0 -> 
  custom:scripting/monoscript/fileName/ShapeEditorRectSelection.cs: 1696d724b33ef6168949bbdce78d19c6 -> 
  custom:scripting/monoscript/fileName/MakeDamageOnCollision.cs: c891a89eb5a65e98845e1237a768e523 -> 
  custom:scripting/monoscript/fileName/TextureImporterDataProviderImplementation.cs: ffb9fda6ca225aa106e9fa84455f4e60 -> 
  custom:scripting/monoscript/fileName/LootHeal.cs: d242dead9ab382370dfbc718a5fa7782 -> 
  custom:scripting/monoscript/fileName/Acorn.cs: 6d31e9898c93ab5da12ae36ad800cd04 -> 
  custom:scripting/monoscript/fileName/HealthUI.cs: e5730cd433ba33635704a2f91c7245cc -> 
  custom:scripting/monoscript/fileName/Rocket.cs: c89f140985a71d5c067121f5cdce5fde -> 
  custom:audio-encoder-webm-vorbis: bf7c407c2cedff20999df2af8eb42d56 -> 
  custom:scripting/monoscript/fileName/Rotate.cs: 0640615e68ae415c8adb0535396b225d -> 
  custom:scripting/monoscript/fileName/SpriteUtilityWindow.cs: 4827aafd0c4d893166845eac1266c4ed -> 
  custom:scripting/monoscript/fileName/SpriteFrameModuleBase.cs: 82472910b376b3c28a6f5b31b28f5f51 -> 
  custom:scripting/monoscript/fileName/PlayerMove.cs: e1b5b1ca7ac5e05a4b47501120527237 -> 
  custom:scripting/monoscript/fileName/SelfDestruct.cs: c475b0b8d708de80fa1ed2a6b376ae19 -> 
  custom:scripting/monoscript/fileName/DamageScreen.cs: 5426b96a61dff56d771c8d081622e42f -> 
  custom:scripting/monoscript/fileName/SpriteFrameModuleView.cs: f07011b3ec3622062bef733dc29fedf0 -> 
========================================================================
Received Prepare
Begin MonoManager ReloadAssembly
- Loaded All Assemblies, in  0.774 seconds
Refreshing native plugins compatible for Editor in 3.09 ms, found 3 plugins.
Native extension for UWP target not found
Native extension for WindowsStandalone target not found
Native extension for iOS target not found
Native extension for Android target not found
Native extension for WebGL target not found
[Package Manager] Server::EnsureServerProcessIsRunning -- launch failed, reason: Unity was launched with the -noUpm command-line argument
[Package Manager] UpmClient::Send -- Unable to send message (not connected to UPM process).
[Package Manager] Cannot connect to Unity Package Manager local server
Mono: successfully reloaded assembly
- Finished resetting the current domain, in  1.161 seconds
Domain Reload Profiling: 1931ms
	BeginReloadAssembly (288ms)
		ExecutionOrderSort (0ms)
		DisableScriptedObjects (10ms)
		BackupInstance (0ms)
		ReleaseScriptingObjects (0ms)
		CreateAndSetChildDomain (48ms)
	RebuildCommonClasses (67ms)
	RebuildNativeTypeToScriptingClass (21ms)
	initialDomainReloadingComplete (55ms)
	LoadAllAssembliesAndSetupDomain (338ms)
		LoadAssemblies (496ms)
		RebuildTransferFunctionScriptingTraits (0ms)
		AnalyzeDomain (27ms)
			TypeCache.Refresh (10ms)
				TypeCache.ScanAssembly (0ms)
			ScanForSourceGeneratedMonoScriptInfo (9ms)
			ResolveRequiredComponents (6ms)
	FinalizeReload (1162ms)
		ReleaseScriptCaches (0ms)
		RebuildScriptCaches (0ms)
		SetupLoadedEditorAssemblies (543ms)
			LogAssemblyErrors (0ms)
			InitializePlatformSupportModulesInManaged (65ms)
			SetLoadedEditorAssemblies (7ms)
			RefreshPlugins (0ms)
			BeforeProcessingInitializeOnLoad (97ms)
			ProcessInitializeOnLoadAttributes (341ms)
			ProcessInitializeOnLoadMethodAttributes (23ms)
			AfterProcessingInitializeOnLoad (8ms)
			EditorAssembliesLoaded (0ms)
		ExecutionOrderSort2 (0ms)
		AwakeInstancesAfterBackupRestoration (9ms)
Refreshing native plugins compatible for Editor in 2.30 ms, found 3 plugins.
Preloading 0 native plugins for Editor in 0.00 ms.
Unloading 3077 Unused Serialized files (Serialized files now loaded: 0)
Unloading 22 unused Assets / (30.6 KB). Loaded Objects now: 3649.
Memory consumption went from 119.4 MB to 119.3 MB.
Total: 11.159900 ms (FindLiveObjects: 0.384300 ms CreateObjectMapping: 0.282800 ms MarkObjects: 10.423800 ms  DeleteObjects: 0.066500 ms)

Prepare: number of updated asset objects reloaded= 0
AssetImportParameters requested are different than current active one (requested -> active):
  custom:scripting/monoscript/fileName/Pistol.cs: 66289aa18d62a6128d9802144d35e825 -> 
  custom:scripting/monoscript/fileName/LootBullets.cs: 61befb4d2ce282d51d744ca094f266b3 -> 
  custom:container-demuxer-ogg: 62fdf1f143b41e24485cea50d1cbac27 -> 
  custom:scripting/monoscript/fileName/SpriteEditorWindow.cs: 1629bd700639d5abf7ee9c1a15128fda -> 
  custom:scripting/monoscript/fileName/SpriteRect.cs: 8da6d12a5fbd75a0eba31cfa62842428 -> 
  custom:scripting/monoscript/fileName/PlayerArmory.cs: 72b8be74aa198932918672e5b2d1c3ea -> 
  custom:scripting/monoscript/fileName/Menu.cs: 6a6b6f10406332b78ded19ddc96541c7 -> 
  custom:scripting/monoscript/fileName/GameManager.cs: 9933fbcc6190e2a9171c2ec8808a053e -> 
  custom:scripting/monoscript/fileName/SoundManager.cs: 97b8b7f19e31a376baf624982cbfe12a -> 
  custom:scripting/monoscript/fileName/ISpriteEditorModule.cs: f35f8b8d39dcfd448fbbe9ea48566c2f -> 
  custom:scripting/monoscript/fileName/Hen.cs: 0717be46ddae3255e9a66e010e912baa -> 
  custom:scripting/monoscript/fileName/TakeDamageOnTrigger.cs: c431a7ee411ec1687e977f029f04fc14 -> 
  custom:scripting/monoscript/fileName/PrefabCreator.cs: 456abbe3eb45d979e3eb9a2c51803681 -> 
  custom:video-decoder-ogg-theora: a1e56fd34408186e4bbccfd4996cb3dc -> 
  custom:scripting/monoscript/fileName/MenuItems.cs: 3ea3522373e3b4d2ef39113c39531efd -> 
  custom:scripting/monoscript/fileName/Pointer.cs: d7f1f9138c5a08fb2eb7d9961697bfe7 -> 
  custom:scripting/monoscript/fileName/DefaultSpriteNameFileIdDataProvider.cs: cd965ed390b21ec0302c3211a9f903ff -> 
  custom:framework-win-MediaFoundation: 216162199b28c13a410421893ffa2e32 -> 
  custom:scripting/monoscript/fileName/ShapeEditor.cs: 7eba0c642af179a392c34e527393b30b -> 
  custom:scripting/monoscript/fileName/BatchPrefabCreator.cs: 3a5a0e4c54d125c34c7cf7bf204fff66 -> 
  custom:scripting/monoscript/fileName/Gun.cs: 7d05faef1ad0b187da47b70860e6ba9a -> 
  custom:scripting/monoscript/fileName/EnemyHealth.cs: a4d027726692f4f1a1dc379aafbb87e2 -> 
  custom:scripting/monoscript/fileName/SpritePolygonModeModule.cs: 8b4aa126b968b0772b9e20476364e690 -> 
  custom:scripting/monoscript/fileName/ItemCreationUtility.cs: d1c4ddba747ed633116f555c0d69ace7 -> 
  custom:scripting/monoscript/fileName/RotateToTargetEuler.cs: 3c25a53a8109c759f80f1da73db6dd52 -> 
  custom:scripting/monoscript/fileName/TakeDamageOnCollision.cs: acc97693ea9e5ea837a7218b4afb93b0 -> 
  custom:scripting/monoscript/fileName/ActivateByDistance.cs: 734949179646c69c8b32c1848b06046d -> 
  custom:CustomObjectIndexerAttribute: 756ad292c208cfabdd7b50bc23989ffe -> 
  custom:scripting/monoscript/fileName/SetTriggerEveryNSeconds.cs: 12c24bf03fc307e59d34ac40c9aa159f -> 
  custom:scripting/monoscript/fileName/RayGizmo.cs: 224f479f6ddf0dbe6c4f51b910d39946 -> 
  custom:scripting/monoscript/fileName/SpriteEditorHandles.cs: 8b78502b9b56b3c556563a6e935b52ad -> 
  custom:scripting/monoscript/fileName/ChargeIcon.cs: 283102bca38cd0be80d00643b3127366 -> 
  custom:container-demuxer-webm: 4f35f7cbe854078d1ac9338744f61a02 -> 
  custom:scripting/monoscript/fileName/Walker.cs: 7d5611d0bf86c6a16ba258d07f8dbaec -> 
  custom:scripting/monoscript/fileName/EventsArray.cs: c533851b67810d6e0c5d80968905121c -> 
  custom:scripting/monoscript/fileName/MakeDamageOnTrigger.cs: d6341046a6cf053218da763953401c19 -> 
  custom:scripting/monoscript/fileName/SpriteNameFileIdPair.cs: 8dab74045e538d5698ea3c4caed3e48c -> 
  custom:scripting/monoscript/fileName/IGL.cs: 8903f8a1304142ec1aefe33b7a4db28c -> 
  custom:scripting/monoscript/fileName/JumpGun.cs: 43d1f7baff6fd5cbb745cc84f9369f18 -> 
  custom:scripting/monoscript/fileName/SpritePhysicsShapeModule.cs: 35688b9e178698712b557d50761dc7c2 -> 
  custom:scripting/monoscript/fileName/ITexture.cs: dbb4c87e1c028ce779185d5d3d566460 -> 
  custom:scripting/monoscript/fileName/Carrot.cs: e4acc89e4f0644f074ecee6904082512 -> 
  custom:scripting/monoscript/fileName/TimeManager.cs: ee896401883365d64d0753163ba65eb8 -> 
  custom:container-muxer-webm: aa71ff27fc2769a1b78a27578f13a17b -> 
  custom:scripting/monoscript/fileName/IEvent.cs: c25d501578d8ebe48d7b30415b0df4c5 -> 
  custom:video-decoder-webm-vp8: 9c59270c3fd7afecdb556c50c9e8de78 -> 
  custom:scripting/monoscript/fileName/SpriteOutlineModule.cs: 249fecf584323de7d2fd0b14e9a4944c -> 
  custom:scripting/monoscript/fileName/Blink.cs: b9fd39b54b16a9ec65c57f4056a88cf9 -> 
  custom:SearchIndexIgnoredProperties: e643bd26f0fe6173181afceb89e7c659 -> 
  custom:scripting/monoscript/fileName/Automat.cs: e4b38d3060dd058ca0d02f4d08ab9afe -> 
  custom:AudioImporter_EditorPlatform: d09bf68614088b80899f8185d706f6e7 -> 
  custom:scripting/monoscript/fileName/SpriteEditorUtility.cs: 7e2d1f2cb427fd67c5461f9431375c3a -> 
  custom:scripting/monoscript/fileName/SpriteSecondaryTexturesModule.cs: 8f361de5bdfd731e220c415240ad033f -> 
  custom:scripting/monoscript/fileName/Activator.cs: 9fab02d4a385fb5fbcec9e678f4ac55d -> 
  custom:scripting/monoscript/fileName/PlayerHealth.cs: 49f415306e52895faa0b0a35d62e54a1 -> 
  custom:scripting/monoscript/fileName/IGUIUtility.cs: cad79017f17454feb4e1799b1c42f87c -> 
  custom:scripting/monoscript/fileName/IHandles.cs: d2780a18a3844e49d490d68d5cb3d26a -> 
  custom:scripting/monoscript/fileName/RotateToPlayer.cs: 9d2403b98c14fc4c180fdb01b53bbded -> 
  custom:scripting/monoscript/fileName/TextureImporterDataProvider.cs: d68f5d5325387f4e38fdcf2610c72ce3 -> 
  custom:scripting/monoscript/fileName/Head.cs: a23c654dc8f9bb9d5d2cf983200d10c7 -> 
  custom:scripting/monoscript/fileName/SpriteEditorMenu.cs: f9042f312a91c162ede0d5de48225240 -> 
  custom:scripting/monoscript/fileName/Follow.cs: 04d7b2a4d28d75b3f1c1084a58bf5a59 -> 
  custom:scripting/monoscript/fileName/ISpriteEditorDataProvider.cs: 4c01add71bf03a3e1afff21bbd534ee9 -> 
  custom:scripting/monoscript/fileName/IUndoSystem.cs: 841a069a843e48d57d362ca08bca21d4 -> 
  custom:scripting/monoscript/fileName/SpritePolygonModeModuleView.cs: db8ddbee5a89c636987047f4602001ef -> 
  custom:scripting/monoscript/fileName/SpriteEditorData.cs: 79e0d970ecf11ef3020398e38672548f -> 
  custom:scripting/monoscript/fileName/ButtonAnimation.cs: 9ce2e6d788c20b190ba1416234fc8783 -> 
  custom:video-encoder-webm-vp8: eb34c28f22e8b96e1ab97ce403110664 -> 
  custom:audio-decoder-ogg-vorbis: bf7c407c2cedff20999df2af8eb42d56 -> 
  custom:scripting/monoscript/fileName/SpriteEditorWindowSettings.cs: 8e59c26ada2085b3ebaa83fd01af70e3 -> 
  custom:scripting/monoscript/fileName/SpriteFrameModuleBaseView.cs: 72abaa53c3c1184e23d4d9a45f62d8c2 -> 
  custom:scripting/monoscript/fileName/Bullet.cs: a4f5918e799041ba1f6608f13912eb8b -> 
  custom:scripting/monoscript/fileName/IAssetDatabase.cs: c40b958675a6cd5b519fa6ca497fede4 -> 
  custom:scripting/monoscript/fileName/SpriteFrameModule.cs: f07011b3ec3622062bef733dc29fedf0 -> 
  custom:scripting/monoscript/fileName/ShapeEditorRectSelection.cs: 1696d724b33ef6168949bbdce78d19c6 -> 
  custom:scripting/monoscript/fileName/MakeDamageOnCollision.cs: c891a89eb5a65e98845e1237a768e523 -> 
  custom:scripting/monoscript/fileName/TextureImporterDataProviderImplementation.cs: ffb9fda6ca225aa106e9fa84455f4e60 -> 
  custom:scripting/monoscript/fileName/LootHeal.cs: d242dead9ab382370dfbc718a5fa7782 -> 
  custom:scripting/monoscript/fileName/Acorn.cs: 6d31e9898c93ab5da12ae36ad800cd04 -> 
  custom:scripting/monoscript/fileName/HealthUI.cs: e5730cd433ba33635704a2f91c7245cc -> 
  custom:scripting/monoscript/fileName/Rocket.cs: c89f140985a71d5c067121f5cdce5fde -> 
  custom:audio-encoder-webm-vorbis: bf7c407c2cedff20999df2af8eb42d56 -> 
  custom:scripting/monoscript/fileName/Rotate.cs: 0640615e68ae415c8adb0535396b225d -> 
  custom:scripting/monoscript/fileName/SpriteUtilityWindow.cs: 4827aafd0c4d893166845eac1266c4ed -> 
  custom:scripting/monoscript/fileName/SpriteFrameModuleBase.cs: 82472910b376b3c28a6f5b31b28f5f51 -> 
  custom:scripting/monoscript/fileName/PlayerMove.cs: e1b5b1ca7ac5e05a4b47501120527237 -> 
  custom:scripting/monoscript/fileName/SelfDestruct.cs: c475b0b8d708de80fa1ed2a6b376ae19 -> 
  custom:scripting/monoscript/fileName/DamageScreen.cs: 5426b96a61dff56d771c8d081622e42f -> 
  custom:scripting/monoscript/fileName/SpriteFrameModuleView.cs: f07011b3ec3622062bef733dc29fedf0 -> 
========================================================================
Received Prepare
Begin MonoManager ReloadAssembly
- Loaded All Assemblies, in  0.581 seconds
Refreshing native plugins compatible for Editor in 2.48 ms, found 3 plugins.
Native extension for UWP target not found
Native extension for WindowsStandalone target not found
Native extension for iOS target not found
Native extension for Android target not found
Native extension for WebGL target not found
[Package Manager] Server::EnsureServerProcessIsRunning -- launch failed, reason: Unity was launched with the -noUpm command-line argument
[Package Manager] UpmClient::Send -- Unable to send message (not connected to UPM process).
[Package Manager] Cannot connect to Unity Package Manager local server
Mono: successfully reloaded assembly
- Finished resetting the current domain, in  1.739 seconds
Domain Reload Profiling: 2317ms
	BeginReloadAssembly (201ms)
		ExecutionOrderSort (0ms)
		DisableScriptedObjects (7ms)
		BackupInstance (0ms)
		ReleaseScriptingObjects (0ms)
		CreateAndSetChildDomain (37ms)
	RebuildCommonClasses (46ms)
	RebuildNativeTypeToScriptingClass (20ms)
	initialDomainReloadingComplete (47ms)
	LoadAllAssembliesAndSetupDomain (263ms)
		LoadAssemblies (370ms)
		RebuildTransferFunctionScriptingTraits (0ms)
		AnalyzeDomain (13ms)
			TypeCache.Refresh (7ms)
				TypeCache.ScanAssembly (0ms)
			ScanForSourceGeneratedMonoScriptInfo (0ms)
			ResolveRequiredComponents (5ms)
	FinalizeReload (1740ms)
		ReleaseScriptCaches (0ms)
		RebuildScriptCaches (0ms)
		SetupLoadedEditorAssemblies (1031ms)
			LogAssemblyErrors (0ms)
			InitializePlatformSupportModulesInManaged (87ms)
			SetLoadedEditorAssemblies (9ms)
			RefreshPlugins (0ms)
			BeforeProcessingInitializeOnLoad (141ms)
			ProcessInitializeOnLoadAttributes (724ms)
			ProcessInitializeOnLoadMethodAttributes (50ms)
			AfterProcessingInitializeOnLoad (19ms)
			EditorAssembliesLoaded (0ms)
		ExecutionOrderSort2 (0ms)
		AwakeInstancesAfterBackupRestoration (22ms)
Refreshing native plugins compatible for Editor in 5.32 ms, found 3 plugins.
Preloading 0 native plugins for Editor in 0.00 ms.
Unloading 3077 Unused Serialized files (Serialized files now loaded: 0)
Unloading 22 unused Assets / (30.6 KB). Loaded Objects now: 3652.
Memory consumption went from 119.4 MB to 119.3 MB.
Total: 7.308200 ms (FindLiveObjects: 0.616700 ms CreateObjectMapping: 0.536400 ms MarkObjects: 6.062800 ms  DeleteObjects: 0.090700 ms)

Prepare: number of updated asset objects reloaded= 0
AssetImportParameters requested are different than current active one (requested -> active):
  custom:scripting/monoscript/fileName/Pistol.cs: 66289aa18d62a6128d9802144d35e825 -> 
  custom:scripting/monoscript/fileName/LootBullets.cs: 61befb4d2ce282d51d744ca094f266b3 -> 
  custom:container-demuxer-ogg: 62fdf1f143b41e24485cea50d1cbac27 -> 
  custom:scripting/monoscript/fileName/SpriteEditorWindow.cs: 1629bd700639d5abf7ee9c1a15128fda -> 
  custom:scripting/monoscript/fileName/SpriteRect.cs: 8da6d12a5fbd75a0eba31cfa62842428 -> 
  custom:scripting/monoscript/fileName/PlayerArmory.cs: 72b8be74aa198932918672e5b2d1c3ea -> 
  custom:scripting/monoscript/fileName/Menu.cs: 6a6b6f10406332b78ded19ddc96541c7 -> 
  custom:scripting/monoscript/fileName/GameManager.cs: 9933fbcc6190e2a9171c2ec8808a053e -> 
  custom:scripting/monoscript/fileName/SoundManager.cs: 97b8b7f19e31a376baf624982cbfe12a -> 
  custom:scripting/monoscript/fileName/ISpriteEditorModule.cs: f35f8b8d39dcfd448fbbe9ea48566c2f -> 
  custom:scripting/monoscript/fileName/Hen.cs: 0717be46ddae3255e9a66e010e912baa -> 
  custom:scripting/monoscript/fileName/TakeDamageOnTrigger.cs: c431a7ee411ec1687e977f029f04fc14 -> 
  custom:scripting/monoscript/fileName/PrefabCreator.cs: 456abbe3eb45d979e3eb9a2c51803681 -> 
  custom:video-decoder-ogg-theora: a1e56fd34408186e4bbccfd4996cb3dc -> 
  custom:scripting/monoscript/fileName/MenuItems.cs: 3ea3522373e3b4d2ef39113c39531efd -> 
  custom:scripting/monoscript/fileName/Pointer.cs: d7f1f9138c5a08fb2eb7d9961697bfe7 -> 
  custom:scripting/monoscript/fileName/DefaultSpriteNameFileIdDataProvider.cs: cd965ed390b21ec0302c3211a9f903ff -> 
  custom:framework-win-MediaFoundation: 216162199b28c13a410421893ffa2e32 -> 
  custom:scripting/monoscript/fileName/ShapeEditor.cs: 7eba0c642af179a392c34e527393b30b -> 
  custom:scripting/monoscript/fileName/BatchPrefabCreator.cs: 3a5a0e4c54d125c34c7cf7bf204fff66 -> 
  custom:scripting/monoscript/fileName/Gun.cs: 7d05faef1ad0b187da47b70860e6ba9a -> 
  custom:scripting/monoscript/fileName/EnemyHealth.cs: a4d027726692f4f1a1dc379aafbb87e2 -> 
  custom:scripting/monoscript/fileName/SpritePolygonModeModule.cs: 8b4aa126b968b0772b9e20476364e690 -> 
  custom:scripting/monoscript/fileName/ItemCreationUtility.cs: d1c4ddba747ed633116f555c0d69ace7 -> 
  custom:scripting/monoscript/fileName/RotateToTargetEuler.cs: 3c25a53a8109c759f80f1da73db6dd52 -> 
  custom:scripting/monoscript/fileName/TakeDamageOnCollision.cs: acc97693ea9e5ea837a7218b4afb93b0 -> 
  custom:scripting/monoscript/fileName/ActivateByDistance.cs: 734949179646c69c8b32c1848b06046d -> 
  custom:CustomObjectIndexerAttribute: 756ad292c208cfabdd7b50bc23989ffe -> 
  custom:scripting/monoscript/fileName/SetTriggerEveryNSeconds.cs: 12c24bf03fc307e59d34ac40c9aa159f -> 
  custom:scripting/monoscript/fileName/RayGizmo.cs: 224f479f6ddf0dbe6c4f51b910d39946 -> 
  custom:scripting/monoscript/fileName/SpriteEditorHandles.cs: 8b78502b9b56b3c556563a6e935b52ad -> 
  custom:scripting/monoscript/fileName/ChargeIcon.cs: 283102bca38cd0be80d00643b3127366 -> 
  custom:container-demuxer-webm: 4f35f7cbe854078d1ac9338744f61a02 -> 
  custom:scripting/monoscript/fileName/Walker.cs: 7d5611d0bf86c6a16ba258d07f8dbaec -> 
  custom:scripting/monoscript/fileName/EventsArray.cs: c533851b67810d6e0c5d80968905121c -> 
  custom:scripting/monoscript/fileName/MakeDamageOnTrigger.cs: d6341046a6cf053218da763953401c19 -> 
  custom:scripting/monoscript/fileName/SpriteNameFileIdPair.cs: 8dab74045e538d5698ea3c4caed3e48c -> 
  custom:scripting/monoscript/fileName/IGL.cs: 8903f8a1304142ec1aefe33b7a4db28c -> 
  custom:scripting/monoscript/fileName/JumpGun.cs: 43d1f7baff6fd5cbb745cc84f9369f18 -> 
  custom:scripting/monoscript/fileName/SpritePhysicsShapeModule.cs: 35688b9e178698712b557d50761dc7c2 -> 
  custom:scripting/monoscript/fileName/ITexture.cs: dbb4c87e1c028ce779185d5d3d566460 -> 
  custom:scripting/monoscript/fileName/Carrot.cs: e4acc89e4f0644f074ecee6904082512 -> 
  custom:scripting/monoscript/fileName/TimeManager.cs: ee896401883365d64d0753163ba65eb8 -> 
  custom:container-muxer-webm: aa71ff27fc2769a1b78a27578f13a17b -> 
  custom:scripting/monoscript/fileName/IEvent.cs: c25d501578d8ebe48d7b30415b0df4c5 -> 
  custom:video-decoder-webm-vp8: 9c59270c3fd7afecdb556c50c9e8de78 -> 
  custom:scripting/monoscript/fileName/SpriteOutlineModule.cs: 249fecf584323de7d2fd0b14e9a4944c -> 
  custom:scripting/monoscript/fileName/Blink.cs: b9fd39b54b16a9ec65c57f4056a88cf9 -> 
  custom:SearchIndexIgnoredProperties: e643bd26f0fe6173181afceb89e7c659 -> 
  custom:scripting/monoscript/fileName/Automat.cs: e4b38d3060dd058ca0d02f4d08ab9afe -> 
  custom:AudioImporter_EditorPlatform: d09bf68614088b80899f8185d706f6e7 -> 
  custom:scripting/monoscript/fileName/SpriteEditorUtility.cs: 7e2d1f2cb427fd67c5461f9431375c3a -> 
  custom:scripting/monoscript/fileName/SpriteSecondaryTexturesModule.cs: 8f361de5bdfd731e220c415240ad033f -> 
  custom:scripting/monoscript/fileName/Activator.cs: 9fab02d4a385fb5fbcec9e678f4ac55d -> 
  custom:scripting/monoscript/fileName/PlayerHealth.cs: 49f415306e52895faa0b0a35d62e54a1 -> 
  custom:scripting/monoscript/fileName/IGUIUtility.cs: cad79017f17454feb4e1799b1c42f87c -> 
  custom:scripting/monoscript/fileName/IHandles.cs: d2780a18a3844e49d490d68d5cb3d26a -> 
  custom:scripting/monoscript/fileName/RotateToPlayer.cs: 9d2403b98c14fc4c180fdb01b53bbded -> 
  custom:scripting/monoscript/fileName/TextureImporterDataProvider.cs: d68f5d5325387f4e38fdcf2610c72ce3 -> 
  custom:scripting/monoscript/fileName/Head.cs: a23c654dc8f9bb9d5d2cf983200d10c7 -> 
  custom:scripting/monoscript/fileName/SpriteEditorMenu.cs: f9042f312a91c162ede0d5de48225240 -> 
  custom:scripting/monoscript/fileName/Follow.cs: 04d7b2a4d28d75b3f1c1084a58bf5a59 -> 
  custom:scripting/monoscript/fileName/ISpriteEditorDataProvider.cs: 4c01add71bf03a3e1afff21bbd534ee9 -> 
  custom:scripting/monoscript/fileName/IUndoSystem.cs: 841a069a843e48d57d362ca08bca21d4 -> 
  custom:scripting/monoscript/fileName/SpritePolygonModeModuleView.cs: db8ddbee5a89c636987047f4602001ef -> 
  custom:scripting/monoscript/fileName/SpriteEditorData.cs: 79e0d970ecf11ef3020398e38672548f -> 
  custom:scripting/monoscript/fileName/ButtonAnimation.cs: 9ce2e6d788c20b190ba1416234fc8783 -> 
  custom:video-encoder-webm-vp8: eb34c28f22e8b96e1ab97ce403110664 -> 
  custom:audio-decoder-ogg-vorbis: bf7c407c2cedff20999df2af8eb42d56 -> 
  custom:scripting/monoscript/fileName/SpriteEditorWindowSettings.cs: 8e59c26ada2085b3ebaa83fd01af70e3 -> 
  custom:scripting/monoscript/fileName/SpriteFrameModuleBaseView.cs: 72abaa53c3c1184e23d4d9a45f62d8c2 -> 
  custom:scripting/monoscript/fileName/Bullet.cs: a4f5918e799041ba1f6608f13912eb8b -> 
  custom:scripting/monoscript/fileName/IAssetDatabase.cs: c40b958675a6cd5b519fa6ca497fede4 -> 
  custom:scripting/monoscript/fileName/SpriteFrameModule.cs: f07011b3ec3622062bef733dc29fedf0 -> 
  custom:scripting/monoscript/fileName/ShapeEditorRectSelection.cs: 1696d724b33ef6168949bbdce78d19c6 -> 
  custom:scripting/monoscript/fileName/MakeDamageOnCollision.cs: c891a89eb5a65e98845e1237a768e523 -> 
  custom:scripting/monoscript/fileName/TextureImporterDataProviderImplementation.cs: ffb9fda6ca225aa106e9fa84455f4e60 -> 
  custom:scripting/monoscript/fileName/LootHeal.cs: d242dead9ab382370dfbc718a5fa7782 -> 
  custom:scripting/monoscript/fileName/Acorn.cs: 6d31e9898c93ab5da12ae36ad800cd04 -> 
  custom:scripting/monoscript/fileName/HealthUI.cs: e5730cd433ba33635704a2f91c7245cc -> 
  custom:scripting/monoscript/fileName/Rocket.cs: c89f140985a71d5c067121f5cdce5fde -> 
  custom:audio-encoder-webm-vorbis: bf7c407c2cedff20999df2af8eb42d56 -> 
  custom:scripting/monoscript/fileName/Rotate.cs: 0640615e68ae415c8adb0535396b225d -> 
  custom:scripting/monoscript/fileName/SpriteUtilityWindow.cs: 4827aafd0c4d893166845eac1266c4ed -> 
  custom:scripting/monoscript/fileName/SpriteFrameModuleBase.cs: 82472910b376b3c28a6f5b31b28f5f51 -> 
  custom:scripting/monoscript/fileName/PlayerMove.cs: e1b5b1ca7ac5e05a4b47501120527237 -> 
  custom:scripting/monoscript/fileName/SelfDestruct.cs: c475b0b8d708de80fa1ed2a6b376ae19 -> 
  custom:scripting/monoscript/fileName/DamageScreen.cs: 5426b96a61dff56d771c8d081622e42f -> 
  custom:scripting/monoscript/fileName/SpriteFrameModuleView.cs: f07011b3ec3622062bef733dc29fedf0 -> 
